[{"groupId":"120363143128954168@g.us","comandos":[]},{"groupId":"120363080306525192@g.us","comandos":[]},{"groupId":"120363132285365892@g.us","comandos":[]},{"groupId":"120363142213419711@g.us","comandos":[]},{"groupId":"120363034083340404@g.us","comandos":[]},{"groupId":"120363144132814261@g.us","comandos":[]},{"groupId":"120363030576505094@g.us","comandos":[]},{"groupId":"120363045976072199@g.us","comandos":[]},{"groupId":"558287588980-1613190882@g.us","comandos":[]},{"groupId":"120363127416443763@g.us","comandos":[]},{"groupId":"120363143095801478@g.us","comandos":[]},{"groupId":"120363161533575679@g.us","comandos":[]},{"groupId":"120363141723949792@g.us","comandos":[]},{"groupId":"120363161320551293@g.us","comandos":[]},{"groupId":"120363135440072304@g.us","comandos":[]},{"groupId":"120363142706076990@g.us","comandos":[]},{"groupId":"120363162526237293@g.us","comandos":[]},{"groupId":"120363142767760606@g.us","comandos":[]},{"groupId":"120363095425187454@g.us","comandos":[]},{"groupId":"120363133764584620@g.us","comandos":[]},{"groupId":"556993540942-1626447340@g.us","comandos":[]},{"groupId":"120363043362341973@g.us","comandos":[]},{"groupId":"120363161810845073@g.us","comandos":[]},{"groupId":"120363044160275463@g.us","comandos":[]},{"groupId":"120363036312860000@g.us","comandos":[]},{"groupId":"120363161472076438@g.us","comandos":[]},{"groupId":"120363162523089317@g.us","comandos":[]},{"groupId":"120363163663897572@g.us","comandos":[]},{"groupId":"120363161381948290@g.us","comandos":[]},{"groupId":"120363131194512491@g.us","comandos":[]},{"groupId":"120363145755640902@g.us","comandos":[]},{"groupId":"120363161728081552@g.us","comandos":[]},{"groupId":"120363160795535689@g.us","comandos":[]},{"groupId":"120363139424612829@g.us","comandos":[]},{"groupId":"120363160353745414@g.us","comandos":[]},{"groupId":"120363144733160151@g.us","comandos":[]},{"groupId":"120363160158965770@g.us","comandos":[]},{"groupId":"120363141578288531@g.us","comandos":[]},{"groupId":"120363144946637543@g.us","comandos":[]},{"groupId":"120363161130036489@g.us","comandos":[]},{"groupId":"120363160166380033@g.us","comandos":[]},{"groupId":"120363161337814893@g.us","comandos":[]},{"groupId":"120363162483190897@g.us","comandos":[]},{"groupId":"120363159923279883@g.us","comandos":[]},{"groupId":"120363123667584388@g.us","comandos":[]},{"groupId":"120363160333935618@g.us","comandos":[]},{"groupId":"120363142585230087@g.us","comandos":[]},{"groupId":"120363154977774119@g.us","comandos":[]},{"groupId":"120363085410828477@g.us","comandos":[]},{"groupId":"120363162149257085@g.us","comandos":[]},{"groupId":"120363143284635430@g.us","comandos":[]},{"groupId":"120363159568564203@g.us","comandos":[]},{"groupId":"553484282591-1628387851@g.us","comandos":[]},{"groupId":"120363097061310864@g.us","comandos":[]},{"groupId":"120363142700982789@g.us","comandos":[]},{"groupId":"120363028876166075@g.us","comandos":[]},{"groupId":"120363162541932887@g.us","comandos":[]},{"groupId":"120363154771958148@g.us","comandos":[]},{"groupId":"120363160744270789@g.us","comandos":[]},{"groupId":"120363136285195416@g.us","comandos":[]},{"groupId":"120363159931686570@g.us","comandos":[]},{"groupId":"120363162935854895@g.us","comandos":[]},{"groupId":"120363144964427676@g.us","comandos":[]},{"groupId":"120363145462958548@g.us","comandos":[]},{"groupId":"120363066493230289@g.us","comandos":[]},{"groupId":"120363160655251090@g.us","comandos":[]},{"groupId":"120363144391879730@g.us","comandos":[]},{"groupId":"120363162003934745@g.us","comandos":[]},{"groupId":"120363163619663274@g.us","comandos":[]},{"groupId":"120363159530926951@g.us","comandos":[]},{"groupId":"120363141067035620@g.us","comandos":[]},{"groupId":"120363151323001034@g.us","comandos":[]},{"groupId":"120363148430231758@g.us","comandos":[]},{"groupId":"120363144857515761@g.us","comandos":[]},{"groupId":"120363111055024117@g.us","comandos":[]},{"groupId":"120363162045198179@g.us","comandos":[]},{"groupId":"120363147397696211@g.us","comandos":[]},{"groupId":"120363022005884791@g.us","comandos":[]},{"groupId":"120363160528568005@g.us","comandos":[]},{"groupId":"120363045600789230@g.us","comandos":[]},{"groupId":"120363157648305463@g.us","comandos":[]},{"groupId":"120363162521565075@g.us","comandos":[]},{"groupId":"120363163356254397@g.us","comandos":[]},{"groupId":"120363145803932667@g.us","comandos":[]},{"groupId":"120363142350113773@g.us","comandos":[]},{"groupId":"120363165395543603@g.us","comandos":[]},{"groupId":"120363143627774483@g.us","comandos":[]},{"groupId":"5511973623778-1635561558@g.us","comandos":[]},{"groupId":"120363163019350485@g.us","comandos":[]},{"groupId":"120363089646962981@g.us","comandos":[]},{"groupId":"120363160574237673@g.us","comandos":[]},{"groupId":"120363161602793496@g.us","comandos":[]},{"groupId":"120363144481125803@g.us","comandos":[]},{"groupId":"120363137717735182@g.us","comandos":[]},{"groupId":"120363128484553700@g.us","comandos":[]},{"groupId":"120363140106533098@g.us","comandos":[]},{"groupId":"120363144288810767@g.us","comandos":[]},{"groupId":"120363159216316808@g.us","comandos":[]},{"groupId":"120363161991540164@g.us","comandos":[]},{"groupId":"120363163542420539@g.us","comandos":[]},{"groupId":"120363142325248987@g.us","comandos":[]},{"groupId":"120363162899131135@g.us","comandos":[]},{"groupId":"120363047382695229@g.us","comandos":[]},{"groupId":"120363144065308499@g.us","comandos":[]},{"groupId":"120363028176810262@g.us","comandos":[]},{"groupId":"120363116438933351@g.us","comandos":[]},{"groupId":"120363146244176731@g.us","comandos":[]},{"groupId":"120363097037402424@g.us","comandos":[]},{"groupId":"556492490110-1629996950@g.us","comandos":[]},{"groupId":"120363041234568318@g.us","comandos":[]},{"groupId":"120363162411542589@g.us","comandos":[]},{"groupId":"120363141777592294@g.us","comandos":[]},{"groupId":"120363146674173018@g.us","comandos":[]},{"groupId":"120363145622311178@g.us","comandos":[]},{"groupId":"120363143214054774@g.us","comandos":[]},{"groupId":"120363146622543637@g.us","comandos":[]},{"groupId":"120363043218882181@g.us","comandos":[]},{"groupId":"120363025544219706@g.us","comandos":[]},{"groupId":"120363164059142748@g.us","comandos":[]},{"groupId":"120363150807530107@g.us","comandos":[]},{"groupId":"120363163751411733@g.us","comandos":[]},{"groupId":"120363162867867867@g.us","comandos":[]},{"groupId":"120363160484532635@g.us","comandos":[]},{"groupId":"120363147142767816@g.us","comandos":[]},{"groupId":"120363141580828348@g.us","comandos":[]},{"groupId":"120363164621999742@g.us","comandos":[]}]