[
  {
    "hora": "01:05",
    "PUXARR": [
      {
        "idgp": "120363145462958548@g.us",
        "avisou": false
      }
    ]
  },
  {
    "hora": "01:07",
    "PUXARR": [
      {
        "idgp": "120363145462958548@g.us",
        "avisou": false
      }
    ]
  },
  {
    "hora": "01:10",
    "PUXARR": [
      {
        "idgp": "120363145462958548@g.us",
        "avisou": false
      }
    ]
  },
  {
    "hora": "01:17",
    "PUXARR": [
      {
        "idgp": "120363145462958548@g.us",
        "avisou": false
      }
    ]
  },
  {
    "hora": "01:22",
    "PUXARR": [
      {
        "idgp": "120363145462958548@g.us",
        "avisou": false
      }
    ]
  },
  {
    "hora": "19:19",
    "PUXAR": [
      {
        "idgp": "120363145462958548@g.us",
        "avisou": false
      }
    ]
  },
  {
    "hora": "19:21",
    "PUXAR": [
      {
        "idgp": "120363145462958548@g.us",
        "avisou": false
      }
    ]
  },
  {
    "hora": "19:23",
    "PUXAR": []
  },
  {
    "hora": "19:29",
    "PUXAR": []
  },
  {
    "hora": "19:35",
    "PUXAR": []
  },
  {
    "hora": "20:03",
    "PUXAR": [
      {
        "idgp": "120363145462958548@g.us",
        "avisou": false
      }
    ]
  }
]