{"version":4,"hash":{"type":"Buffer","data":"JyvlEN9wb9fIpmNj5kQn+T22/756hbkyN0BtSzgJcEVmR9bUC6wr3B5DKJwos2EBc3azRvMX4lKIL9wvBPRC2VEmajDNiT9yuxEbRpnq0hYGZ0EjJLlpTnSsoUOtpweaogI0KXwspD6vUvwEV6GiT7tOIzN7WH3S70UiH2li3bs="},"indexValueMap":{"CkhmyFpk+RJRkYGhgiApAPac8Gl0ikIynyih3b+wyoE=":{"valueMac":{"type":"Buffer","data":"vG1DgHTjSZf4X/R0jQ9qIA9eASDWoBFN4JAxhH58BVw="}},"Gt27Mx4GFHC9aYKmQfAylYpFLvJpNi/HHWvvoacio8k=":{"valueMac":{"type":"Buffer","data":"yu/1WyUp6jNah2UEuwt6grp+LZEm7eq1WPgGutwszI8="}},"G0OtQ8Mc23CrQb1Vr7YyNPV/JE4BIaTYahjkcA9qiCs=":{"valueMac":{"type":"Buffer","data":"Tg+1uYUAsuQmgTDH2AJ+uFEF+Xy1CZaijm2zVk8kt68="}},"NjJ8rkIxcfidxdfeiGEuIKyzypSmHGpckhq1T6TKyw8=":{"valueMac":{"type":"Buffer","data":"rOnNGKKiEkxoT96fCn0sd/PXEamS33e7VpwXmBLlT3w="}},"bAbflTHtKI+7+0H9lXZ7B/DBIGwgG6ME+dAf5mTVPGM=":{"valueMac":{"type":"Buffer","data":"3OhcH1gzrjL8N2jkpiREbZpvthjf3xCbnCdKpxf8/lA="}},"kMkILN//MrwDmJP7iNviCvZmWcUOllDzhrlbA9ayNv0=":{"valueMac":{"type":"Buffer","data":"3bSxYKHJD3fHmn50DuViudSnjcJGdRZ/Df8gpONJEOY="}},"1YcgmB4u3PgCTLN26zZBFUo2d9B45Y5PGE7QmBpAvaE=":{"valueMac":{"type":"Buffer","data":"NIiJwuYsnkbB/NzHIWCSouSL1AxiT2M/I1vL8QgUB/4="}},"9Ae/Txsl6A302FDS3OG+S/D6Yirrf7PvMrzYmRC+uX0=":{"valueMac":{"type":"Buffer","data":"GYjcoMyxHaeTijAdSjfGMlKDHzjQBIvNctsFzwD7GD8="}},"iDoBDxqo5xXc87b/ddsrlTfT+6ihxL+31l4D+nPnRyY=":{"valueMac":{"type":"Buffer","data":"LJAOu3TcEKeVqQjKrhhDWayHhfxXagIvQRc/X1QQ1OA="}}}}