{"version":13,"hash":{"type":"Buffer","data":"Iu3wckNndiPG/dKR5IbVV/98rtJ8/YHogzBAUXPF/cn1XTbn4WGk6TxcSFkYsegfdC38bxKs2q0hMVMHmuq7Kui2P8Yl9aiLMEPyXRK268mBZt/lPZgxRCk7skSD9QsMKbr4eGy4qc5jwCjmygXRqcO82WpPSdKooc+NFwBjd/A="},"indexValueMap":{"AYFciRWClrSFzc1DRA1ZE3UJLvUV2N6Vfiu8OEufZ+4=":{"valueMac":{"type":"Buffer","data":"ZDuom7q+VUFplZsGWET9840F4QS7byn+hQfTdcIIv80="}},"AgDb7BAduTqEWEJVUEpNP3jC4Nym4ndxF2oUpzEv1M0=":{"valueMac":{"type":"Buffer","data":"1YjjoMLe3+HZP7jDVge+hsxJPDzBhOEqzvRTzc2chp8="}},"AvwUe1gAxEsn3Bpy/Soi8ONhye3M98NAAeWU09Ewrlo=":{"valueMac":{"type":"Buffer","data":"a3cGXwaF4eAFkL022r8xoA8iSG0SM0+p1PdSNhatpLw="}},"BmAb3IXtqvTtGVil+YE0W/TahzXzVnkQfTvfLJFWvjg=":{"valueMac":{"type":"Buffer","data":"r50fEPvA2TjYbDjUaBgtxN3jbLvq2FdxRHTTQlCwqMw="}},"BvEBYNuVhQOV1ORyOd9qMyM8YPy9CZuLuI3IfjkpElM=":{"valueMac":{"type":"Buffer","data":"fOA/aDDJqanfot3k36tAAQwYknhPGmGb4363ck0W7KU="}},"B0FLuiaETlfQGCeKjR9xLoWMOiuQ6LyyCqD+Z491YgQ=":{"valueMac":{"type":"Buffer","data":"nh3B/VJxy7fkUgtGFZrbEaE+uwhKjJRFG1CeznJqWOc="}},"CSOLm/3CljvcxudVmtoXk2nAKJILjbyuxKL6jKIapjc=":{"valueMac":{"type":"Buffer","data":"ne6SJisxJQ7msjX667Y4Dpzvx9hIs3f09UgmbAM3Ndw="}},"CeM5gxWlnBfLSgJH1ecOHeq0qOX5wKNTH3vteRT4wk8=":{"valueMac":{"type":"Buffer","data":"cdM/1Iew9gRfqD8mTxBnSko8GMaFKQuQ6yTEZ8qfDWo="}},"CjDYAhIvmx9K/A0+uLfTREPfQLb7HBZWWC6ukkg/z9A=":{"valueMac":{"type":"Buffer","data":"a1oNZHK78g9IH70L4XR7aceXiR2RJoTbGKMIGtb0k0w="}},"Crn2My6ktZpJlx7yQKG3g96rCsd8LcSKrrPrbthgA9A=":{"valueMac":{"type":"Buffer","data":"IURTdLWrtq6IMYw+P/PJg4ucaTQEA/OLL8LyoGJ0P7A="}},"C2Aa9fcdVj/d+g7ZqIRY43yBIMv+cxd+5QYut6evSNo=":{"valueMac":{"type":"Buffer","data":"yS/vlnwuTP3KEgXlNyDTorpEBCX/hTjpyLy/GPJxLhM="}},"C3/TQY0MKHlAKPXTCox8pM+Zp/bYB1Wvlt9j8cPCgJQ=":{"valueMac":{"type":"Buffer","data":"kpovoVYIELD08+oJvBawIGjSURQ4TQqczcFfzh1aVA0="}},"DJq8/ls3cLQFPXtUvepkqqh7O6dJnXqmjkCi71vXvL0=":{"valueMac":{"type":"Buffer","data":"jDQWnQ7x0J51QGeroRszgjXLO5sXTCCq+XCXm8ihUac="}},"DV1JGI6tS4Z5ysByjBmamotxa8t65xUk4QU1q8xyh/k=":{"valueMac":{"type":"Buffer","data":"fXQHe4563WaYqyzdr6Q3AYUytAvwrki051fZfmyDTxg="}},"Dc+IWptsVpdC24GlgkRTjxlgf8ErYblNjy8OaQBlHAI=":{"valueMac":{"type":"Buffer","data":"p4T97mMFvxnVUz66p+gjxpqveu6Am4uQ2YzmnJgTyjo="}},"DtYrUAFpvjCOX9Mox1QOo4FvDIpV8CLY85RPuwhwlPA=":{"valueMac":{"type":"Buffer","data":"sknlNjb6T89CV8jePYvGCTlymaysvVygrCCcfeO68x0="}},"EQWnslB7UUta9xzVtklX33nV+PFG7m+NjkrnRLACh0s=":{"valueMac":{"type":"Buffer","data":"CXtl0cdx+8L1gCPdsBpoWw23eB24COaAeXmY3jOgpv0="}},"EVF7UROochbrRrqSLMmqb7HpF8melr+I4bJt3+gKigI=":{"valueMac":{"type":"Buffer","data":"eYK9D+s/Hf49De3T3fK8Cdv7zW94pxJ+bAxVwxPqJao="}},"EkalpzEoZ6I24y+SZVvLki0HpWXu4wQBS8rGf179IAw=":{"valueMac":{"type":"Buffer","data":"ENQH1hWOXlLP7LsYbhD6HBMdNK5imeJBAa6AS7Otnr0="}},"EwqeoVyitA65gX2Jb2debi5gRLptB4i13/pJ3swUG+E=":{"valueMac":{"type":"Buffer","data":"lVGq1tJ9wPKoIyxF3GKnF7S6i3hoPdmn5BhZ+GR2fAc="}},"E1hJsGKpZHPpgB8FBVUzuQdZVjN7pqHs0oSSz0kSIDg=":{"valueMac":{"type":"Buffer","data":"i4qtN/uz6OAXZ5qvK0oiHau+F8U+ONbJCBdRPqW1G/A="}},"FEXn6KUa7GaUvff4gsoEPbmKVfP9CCe8o8GuVU4oToU=":{"valueMac":{"type":"Buffer","data":"A4xSj1ZoTDOCcdUjU0n2pknXaPvBlAQjB1V8VFFw0/U="}},"FOFsW+QtpQfM/C+0XQ/OiVghpZYtnfJCrd5nEQeiwow=":{"valueMac":{"type":"Buffer","data":"oMSTrRBVAWeAqKsmIadUTLlkjAmGhp6FWlXByH10eOc="}},"F3igB3NOY2b9PYVfUOcG1KpAdlrsP5N6yS24gnALn8E=":{"valueMac":{"type":"Buffer","data":"s5npRKG1LZ25qDJxAJ3xwZp6xoxMIrmm3Sticp1/kI8="}},"GsIn4NMOIU9gD5jjFaZbfZqlQ3NCKGOVS6HrmdLvwPE=":{"valueMac":{"type":"Buffer","data":"CuXKjXLDPNTNA0SLq66Y8A4YUhIjw+/c9bn/QEv//p4="}},"HRlDgTRRAQtD+UP/EWJEClNfkBYZJzf4h/0SZox+idY=":{"valueMac":{"type":"Buffer","data":"fioQGmmxrHyLyt4/2ZG/uCoR+E+VcDSdFN6ZpFgbkE0="}},"HT7RRci72aIG2oDVMqLoYxO6ydgs+e9zdmHZnKKPqdo=":{"valueMac":{"type":"Buffer","data":"wEMvC25dmVVi1yF4TnwmIa4QHZrg5sEJdH+6C69SDJU="}},"H3o+/cKrUjNSuQTVb7ro0AD8n1eyqUCuMtcEznJ0700=":{"valueMac":{"type":"Buffer","data":"DFfa2THVMY2e+/y/nxzDLbVoJw53uozwfhZmn+ZUILA="}},"H/JdAA7TQNKHIr43jnbWFOkl/3xtsj1e44j++RBxAyI=":{"valueMac":{"type":"Buffer","data":"MYZvelvae5qJBn358fm50tNZegNvv3myoxoECFqExbo="}},"IBcRxh1WoOxshg+mkqBtyjLKgRvfbyjQQzbriuHnlsU=":{"valueMac":{"type":"Buffer","data":"AO9x3C141eARF9mZFf0sWvF6tJvwJWA4lM65HbDt6lY="}},"IGUxJxOHuxm97B1nBJIsHOc49nymUzH4DP6aKEaIdEM=":{"valueMac":{"type":"Buffer","data":"g60FS+84473YqAhFQYy2K2nqN7Dn3PCrxCV6dcpvh6w="}},"IHWy1Dw/MQzQbdtwtuBvjGG6BNsy3Q2sPRXOiYU+G3k=":{"valueMac":{"type":"Buffer","data":"iuPaia2GwO6/Eunbdy0caKvAwDBAr7FJQ13Adf68QHo="}},"IKffyWGdhgPnYynxnCBswUgOWz6DYr+CS4SbE5/dQT8=":{"valueMac":{"type":"Buffer","data":"vita2EKCiz3Of/DZVAYeoCtwnTbK6hCArygtgMvbT1w="}},"ImYfekobiW2UmZkj8RD2D45iR7B+D+l9JCGJfdbcBs4=":{"valueMac":{"type":"Buffer","data":"rbngAkCBM4gJh6UFfXf0k9FbZB50x2pMg4ByPVg4IUo="}},"JFD4YaiF5jXV3gpm1pufzb9KWJCn2rYJ5qOmY7kdsa8=":{"valueMac":{"type":"Buffer","data":"VwXVSdt9WRV623Jnype0Z+EZDzw0lrnlDCn5YY2uh30="}},"JUa6oJUK9ZNSxLTkfHnwvnHgnTaCHOCUQ1dt7whxQkw=":{"valueMac":{"type":"Buffer","data":"wcho6KZe33IoyoePQsTTsMauAly33YaJodazdybuZew="}},"Ji3xzawbFTChIPJHCSxR9K/XXNfkVkPQREkyqgv8uJ8=":{"valueMac":{"type":"Buffer","data":"rpB8hqFGJYvk9TkWpEfiY5KlyJpo9aTpj1nPaT6dxx4="}},"JkWweTWxloT9hQJDgYL4HX3NVjl+VzQALYFNKG5FvO0=":{"valueMac":{"type":"Buffer","data":"i3U1i28OUAIyDLvuC/zkgdsJqv/OflCgYB402TAhvYA="}},"JyDN1Gd04uagPjrOvix773VHajuX3p/tMaVAgyE98zs=":{"valueMac":{"type":"Buffer","data":"kKICBLwOE4YTV7bDvVE86e2g1YdrZ8ho3/bnltjiESA="}},"KFCrogShvAmVS8vAYXfbn+i5wtwqTg3OgFZAllHlsBo=":{"valueMac":{"type":"Buffer","data":"IWORWnDckU77FVPuXBfesWYYedLyh3GMr9cBOBjZEaw="}},"KStyEj61/T90pn7Bnyez/ja37UGf7pagsdDWveKVAqI=":{"valueMac":{"type":"Buffer","data":"phqygQvX29MKc642KIX/XzKgR2sI4eskzL1iBR3sXpo="}},"KkpHu5valoI2FteuUWuIuCMeDOq2SoiEMTYyou95Flo=":{"valueMac":{"type":"Buffer","data":"IkqT1+cRXKgbY8uTuQbeK3u04oUReYor+GZ+VpfRAtI="}},"KtujSW82vD4lb388LAHohi8AtfOEqIfCgNh+CKNepwk=":{"valueMac":{"type":"Buffer","data":"uJMHx5HSEB7FRREOFqtP1cMPr7WO/s5SD0VhIQWrgrM="}},"LF/lZvptaieM5VYrRZcCcS426iKFGRb1Q4hHmAEJS1g=":{"valueMac":{"type":"Buffer","data":"8xtE32Vk9xmxBR+e34Gb+qbA0m7TZ2xpXFZzwOtRxA8="}},"LbxR6ft4k6N3U7gOHHsRwN7IPMSjL2DWfaa2kCYUIkI=":{"valueMac":{"type":"Buffer","data":"6qe3H/rynedRVHZlIHjhH+fo778TOi73S13yOWhZ/oI="}},"MrJShpJDCUE4RWS4HaUhtqwYAHAdnCbnV7lpMH6R23s=":{"valueMac":{"type":"Buffer","data":"BH8e8vC7SMuT8BYArjkYrlpMYpQFbVKmi05KOcfX2dA="}},"NSy1KylqfLGMJm26cx21B13ZCmj0GTCQloanGxUnPMU=":{"valueMac":{"type":"Buffer","data":"Ar3yRKNA3u2MzyNoAwN5WXYLjS4hioAi0sTfPhEuV14="}},"NT+nLPiFsvL2v3G2s8Ktoe+vstiw1/aFwAm3XhdCsHM=":{"valueMac":{"type":"Buffer","data":"qmMchuHfACtASlVz11yAVs75cRb7xuJIy96z4iMF3eU="}},"NzEJEAzuR6fGkUubG5UGIbFyz6GhXHCYTcbdOV7Bnjk=":{"valueMac":{"type":"Buffer","data":"gy3fdvRxCqA1i8sx6Zn0Q2J9C3rjY7GgU3wllhmnFqk="}},"N98Ropjc99J05E9YHNqq9L2pYVqBnAwh/qP/bXMwKDo=":{"valueMac":{"type":"Buffer","data":"+5Q+KCHPaqhfK5cYbvHKXvweetx3L+b0OhL3LR8XyDE="}},"N+CjWA9uCF9Mg7+4uV4VwFEg2SZ9tOot61fIk0gzAKI=":{"valueMac":{"type":"Buffer","data":"TBHP9Kf0Ciq9BmKmTGqGSTugvXRTOM63OjInczAYcbI="}},"O2O/YH0e4rnHQg2kHDfUqtvIeB/i/s/bBOskzoEkuvc=":{"valueMac":{"type":"Buffer","data":"ueevm2kbBd+koyDH8EMUokohKhiFqzVJ45OKbqVYXkU="}},"PaKs7D+vSb5mPsPz3wzoLVxI/Lhs7EVt8hYwqyfMAwY=":{"valueMac":{"type":"Buffer","data":"yxO0j1SHS3jBGaHqFezB/W7LBhkqmJOjQjm1DNZzXGM="}},"PfpQFKypqmuVbq+h1C4KgdhpKwqunMyenbMMuSmZSh8=":{"valueMac":{"type":"Buffer","data":"ryq8I2LUSNNCTjJvP9/Ojfy4BY5Iuvviot7GjW6Xyno="}},"Qa7RSuXHRcgyPvUQuQWk+FGLziK23Y0Qoyastba9Tfw=":{"valueMac":{"type":"Buffer","data":"INXqBYHUlfAWOsUTTmMsMi2g3R2q/lhRT9sdspkT0GA="}},"QoQh4dDX1MFTD0PjnJbrgh12wVbPbFWgyIj9Wg51tho=":{"valueMac":{"type":"Buffer","data":"gCrL07QieHtIea2trgoo9f2zsU8aGpHp4wbCv26t35s="}},"Q2abIi1iMd4pS9qT0jQHgQdqvLt7+AyECnk6kLUs+cA=":{"valueMac":{"type":"Buffer","data":"8Xmhy6cCO07yKPBnlQiajExRicfDsu+zuzE6GxJ4sZg="}},"RK1qG7ljQrYyevqqIZ7OnlZiWB57VmDFnw6e8+9IMMA=":{"valueMac":{"type":"Buffer","data":"NAsn/GV2MyIWF4Pvo22y5dkZHIqEg1tcurwOi21g1Lw="}},"RcR3kway4klPkQsQa7B5P5OZCOvF4ix7qhXTl6vQoEo=":{"valueMac":{"type":"Buffer","data":"wJNbZdYj5RtfA+lPgT+GhHXAAndgQtcxlGg/GPQ06Cg="}},"Sf1SG3sj2YM6qL80q0yAJrBoqWxzBpDNV1sKD1BPu3Q=":{"valueMac":{"type":"Buffer","data":"rr3HGufia9C7sE6DExpN3gfLYBFwuhPo3uXKXA4IJ1g="}},"Srdd7Er7dC/sIp9HaDGUljZtc61IcRqzsDd4uNEm9OM=":{"valueMac":{"type":"Buffer","data":"TCzEDKHuT5L0053fFdJ12mKmSX7VhO7DL1bZRzQXtpU="}},"S6otHakP+jwvHdQt2Bu6ncVSkC7dtQ5SA95G9A462bo=":{"valueMac":{"type":"Buffer","data":"BlclSPb7IlcKkiDvX5fHSirxnIXnLtz1pkgnIz6v1aQ="}},"Tzff5is8LqIfcJ9QBPaU7B7G08bxAKWGeAhnl96aL/M=":{"valueMac":{"type":"Buffer","data":"LdfzqvS/BQG+MbskR3adst0hjDPG6BnQk6A3bu7r7cc="}},"UPcFonF4pEx6orMFCZOBUjfA6Du6jsD7+HMfS7ZRz14=":{"valueMac":{"type":"Buffer","data":"Rt8LLHKdrQpOE5jDRWI2Hkm1yvvSGV6cvgIcjqN+nQ8="}},"UU7zY4AGKyTE25gLjA1ux/GmLc0BECDNDfr3M62seRk=":{"valueMac":{"type":"Buffer","data":"I0yKZYinV3VS2zFLc5UgMCLZYOG7KDH9tcpzjZUuTWk="}},"UgSnayRMdb2IiMP8C7TTsKIFcRctD5B6FpgEx8rRbdM=":{"valueMac":{"type":"Buffer","data":"CNKNf9Kteo+KwUnX1/qpFZQBUa/3pl7dDConYOrtt5Q="}},"Uz5uB82mVT4nBJbY4PrEeZO4uIAVvbfgT3nwv8OyWN4=":{"valueMac":{"type":"Buffer","data":"HM+wd3GcO+DajRDh3IFNJFRIqE+hd1oxM4Mp1UuUeC0="}},"U0/hgn+2f0Abvu973GyQYX042eoNnCW8c76QvVkNv4E=":{"valueMac":{"type":"Buffer","data":"epw7/fzMjpLnRgnFIzLVOcIwwp+/RBbGDk2Il4Vsf0E="}},"U1gIxzoL38RzlxsLhe4F3PO0VDOLkUP3M2xOtWisHpA=":{"valueMac":{"type":"Buffer","data":"8b5plJptG0/efcPJ+onAe91Q0CNmvZU8UlwzqhOLIGw="}},"VtezIgvNoxSR6UowliHQPtxx2pg4xH7z6l71XQA+88w=":{"valueMac":{"type":"Buffer","data":"s7nrP7jMvX5LDWtlJKgMXPTJcc3E70j8uyBoDX1Zjio="}},"V0pqD1zkPfhnqXrR7O57twXA9CvTvclL6L9K7V6jlGU=":{"valueMac":{"type":"Buffer","data":"CUQEh/L/SdiNRN/9OLp68o4p873ds2xBhU1GVHK/wJ8="}},"WFaQAGAeOaRtyhdCCrua2iJWY6a3YBv8HGixZ1Op13c=":{"valueMac":{"type":"Buffer","data":"WqX9+wdEcFF+4hQO6LRDVEEee2N0w/T9N3MQvMtUGv0="}},"XSeQ5GWhq8hL0OOUzkdpM3VNi+IEhhi4O74Psmjf5ss=":{"valueMac":{"type":"Buffer","data":"H4Afp01y8nGOhj1hL3OwkprSFE6Esao0xiB2ZzZJBto="}},"XbXk6gwJSFnCh5AhazMiNKPnNwkOT97BKOBG/yegHzI=":{"valueMac":{"type":"Buffer","data":"Zx7UsK6F7do9SQFbQISXbR7y9LUbmNF6OVGIQfFu8e0="}},"YIC0J2LyuEovAelISKy50qvnO15KbMvFOsNw2nThoWI=":{"valueMac":{"type":"Buffer","data":"ug4HRQasvZsMLTRVIKdN9I7xNzeQky9MhJi4CFP/sXI="}},"YuAVzrIQqTwe8qR6REo4OrDkGA2Mv41eoCepegzMQCM=":{"valueMac":{"type":"Buffer","data":"cJVLMQD71ZqqBhbqh5wMDTbpvg9DZl5k97rYPN7ZDr8="}},"YyIcSuCpLVDDs0CUcWmm1X12IbaI2H54odUcNuXtaa8=":{"valueMac":{"type":"Buffer","data":"3cHnHfVrp3e9XCC6JZ/UjB0DdRSMp+xrlqQZWmeaZo0="}},"Y+WCggFgHC7WEWwppWam6eYXwZ2aAlLzI1Na6v3Inco=":{"valueMac":{"type":"Buffer","data":"qcCEUjp5W1R60Sra3PtnAgypDwOPDl3Q7frVVhB+Oqs="}},"Zd7oJ+On3MKJgfI4crsYoOd/b3rCByVCp56MRRVwYho=":{"valueMac":{"type":"Buffer","data":"Zw1Hg5+oAOtF/m5UCHzfe+oL2CYDJjaYSBEFm/MQi10="}},"ZvBUXcs72kpBx7eUKwlO/mBuoO/4jmyQ/k1za8hTCvY=":{"valueMac":{"type":"Buffer","data":"ytSvd7gnsB98OdDLuRUYRDRGqJ1rRQHckxy97WJaMcg="}},"aDX0NaKnFl0/YH28jcFB7v/c42e6bWgGWxfWxdZnA5o=":{"valueMac":{"type":"Buffer","data":"TLw/r7kfJo8ZDhviBSc/Pcda3f4sh7mMUOvnmXqEpts="}},"aaFl2OxJJK+nuHdu3pcMCqBWFJd5TnNQgYlqBaAkiHU=":{"valueMac":{"type":"Buffer","data":"t0RNxmE2aca2aGtkud6fJuwEsBBvbgh11Nh/8VQU0p4="}},"bDsfJ3bB1KhCtlyLp2ZYmvz2pAPpQlPLDX3UJhWBLAA=":{"valueMac":{"type":"Buffer","data":"xdwbykj0dmX16Huht9lQEby6PAG0+fT9zzz/m19Jz4U="}},"bEyvUy+dzqpIEqCWuBaizr+y+OL/gyJvl6HT9au9LcM=":{"valueMac":{"type":"Buffer","data":"V2ymffDDuelikimPt/RDRcereNPqT305YDJaqhB8mvM="}},"b4sYJGqLJgx1TpXTe8/ES6WedceTVWktNLCxi50ivQ0=":{"valueMac":{"type":"Buffer","data":"CtW8W2iDt+RLNU+FxPK4NkfmSccwO2nURuDWMp6VeiU="}},"b5QyxRyZXcgdctNWCWQFEhLs55X38Sj6VrX99eyUT+I=":{"valueMac":{"type":"Buffer","data":"k9zFpQ3hqVPpfxWdxj8DEAE8NuAn3bYUZO5Drf1xnNM="}},"cswXpJ+kC7vvvYicRtr9ntbYtlrSXBNl/rzOeNZ5CSc=":{"valueMac":{"type":"Buffer","data":"3FMfWWW2Gkmpvv20bBZRTYMOfvxd6Lrx6uNM6CWin1c="}},"ct7yhIHbSL15uyAYPOp+FZC9lCQlTyG2YWtmxVZs5Zw=":{"valueMac":{"type":"Buffer","data":"/dBIwn/s1Y5gv/VWRb1bknFr/y2LARsuiyB6xgaGAjQ="}},"dAUOwCpqKv/2NN+10o62buFjEHQ+O2GMKO9psboEwKE=":{"valueMac":{"type":"Buffer","data":"yQfChGGb6255ti2YNwdv1VIem2SPViJwz7sdreUl8Wc="}},"dVDRM/v9qsPj6CEpgrWSDn0QwDwNTxwFRx7rWQMhYPU=":{"valueMac":{"type":"Buffer","data":"SAjDDvTuO24wTyDAQNzwRaP+pN1nkhqcH1sbzQLB15c="}},"daYFfIfmDEqzyB16nyRM8rJ4gqXRo2IJ83QroFlfxTM=":{"valueMac":{"type":"Buffer","data":"NQR1I5BP/pRxiYNp4u/xFb+rC7gvLUW8TrfW5qJKdMs="}},"eV1Yl6QE1Ae9e2dyEYaRuCcd4J7bCh4F0pq4ueNZChY=":{"valueMac":{"type":"Buffer","data":"OMdGbY8KFzreiPi6ocmWCz6/N7ID22f7+4UdRjqvFCc="}},"eWE9pINER23bTTUROPjRgFHZA9vDlukvW2Xx7/f8ahs=":{"valueMac":{"type":"Buffer","data":"x1AZY6Zb9dMtlgUCs/74lwg+IIAgUY4buCUANFuATZ8="}},"eXBDznESslSeh63KGL9Y1aLfCqFMU+wDGPWhS9scj7A=":{"valueMac":{"type":"Buffer","data":"HEfFy18N/Ck0qoe8eFA0BFHcwrGA5udFy7HAGtIbIhg="}},"eZ17HHVOQhCcHRSSwrBOIumupiu18sG7fC1YW0JAlVI=":{"valueMac":{"type":"Buffer","data":"WTDOKXdLffXBHvEqJjjG6PdZp4xx39+gnB3bVulVbS0="}},"gGfdbSS8PuKmmYg9K/CNOT1wMHKklaAXXd6Ivy1+W74=":{"valueMac":{"type":"Buffer","data":"RUZY0bY//eaSdti95b0Gvr4Ac1uHRTx8j3+JuRNPk40="}},"gqXNbFT4c0Tl06E2dKTzqMKi2CjAVCEiWIA4gp4IHQI=":{"valueMac":{"type":"Buffer","data":"RysFtDtWRocYaTTYwKHWMHnOwmgEEJG7FLHma5Vr6Bo="}},"h6vejqbQuEmZ5VS7Fi41fSGM0UfChqI3MWp//pagq1Q=":{"valueMac":{"type":"Buffer","data":"9rb8bK0toUVYoZCsN6BSutmStsdGHfTZBdzI6e0eOb8="}},"iIlGCy/90tFRV0oOnB4QojyfSJeDNvrnpMwAirLLNIY=":{"valueMac":{"type":"Buffer","data":"o2aXJo9zYoY+2TaaQVyuapvj6TfrOWFpxQJr0144OKE="}},"iK62gYc/6QuEKSks6XBcvgmD7QEYgB02FtYdzxmW1Ro=":{"valueMac":{"type":"Buffer","data":"GqgKBJ2+6btenEo46Np0tTc7VxQfJS7xVIp3nRDmvXw="}},"i5gkKFc9tDWd9BYZoZ/lsQvc4MkSK/g5Mkxr61Iz0Kk=":{"valueMac":{"type":"Buffer","data":"HmLI+Lym9yX7l1lYhBJu3cxrp4POkj6pk+vXlFMHzqI="}},"jiObxF/oKhnBQqGnidBrqMuO+OyNsRFWzXmQMvAs4Fo=":{"valueMac":{"type":"Buffer","data":"M/FIPzI3VKQq0wyLmNDqSuJVP4xw7O3eyviKvHdRmQc="}},"jnFfdFjGBcPVyJRKmbJ3JX6qHZQO/NP/c8C7WFm6o7M=":{"valueMac":{"type":"Buffer","data":"0m5U0uFauaz47KsLiTO+9jloWFdVYyGqy22dyE4XoVo="}},"juSxvIW4ye6e2ld0bpWVH/MTCzfYBg577HOqVfZssJI=":{"valueMac":{"type":"Buffer","data":"YHaw1AcPpM7mdEuz6LEcur6SGZCLT2jXM8v2PKSW8to="}},"jun6V2tuJm8l6tmh+dESbPF9p+IGMOfkrxlM7jqNAF4=":{"valueMac":{"type":"Buffer","data":"ZdMWH0k4vQXj0PI9zkHSgvn0XidLpUjKBOg/O6nWXQo="}},"j6J+gg2Z98NjVkmI1JBNepYBQwKqrFVE/pP+z2demvk=":{"valueMac":{"type":"Buffer","data":"/q9iiO7sGUraco59bWv9yCAeKmuSxctpM02LZ5vFFns="}},"j601zGdrkqvmmtia+REK8ZYehHpSDTXD02pnc2CM+ps=":{"valueMac":{"type":"Buffer","data":"lEltPRfuxUW7Bzu6QzA8FLSOZbbVFS7zHyq8lBfmbO8="}},"kuIzWPCVuYdMzaOlMDAElv/qjtlaF72nTPLgq7Mbg6E=":{"valueMac":{"type":"Buffer","data":"HDVQrEggZTQqvjD4OzE0wluwtWb/NT4NGyoB+Aa0N/A="}},"lUeOFEUvPma0EB693XHP/r9ErrTC2SFj6Sfmo2Ft8+s=":{"valueMac":{"type":"Buffer","data":"f3STwJc0tg+gpcF1PdndVfMiLBLEKVbCcYV4RMSjdeA="}},"mBAGkY5blCx3RU0kq62i8oj7SDCQJY9b7V+SnWfWb4s=":{"valueMac":{"type":"Buffer","data":"xxqQsJ940IHZ7g3rZzYhHqNJRFFvVCjSF2vRoA59cok="}},"mVeDVFiklxlIIesrj3qAOVC/xmRIXfdEocAfBtTxN/U=":{"valueMac":{"type":"Buffer","data":"MqXkc/J+wkxkNOW1Z+m9bo1oAuFYOYmNz6ZruieQf9M="}},"mxDj5jZPA9yLqIIl5A5/iRSnK9nNBfIEKep+l6x9rtk=":{"valueMac":{"type":"Buffer","data":"TZCgeaOtoJp7RBqUG863o87Q1qFLOU+DJLt+NWLi4Ls="}},"m16KHXCL0S89I84BIQb5a8V/f5I4zFm8/GCKE9w2tLE=":{"valueMac":{"type":"Buffer","data":"9H1lpWka8g+HZBl3sNzKYd6ELtipp8vK4CmuezkTo/c="}},"n3frjYvvNI6e0KOkU6lGt3H8dH0pQlFawmmUJ22ig40=":{"valueMac":{"type":"Buffer","data":"05p00NhIXLws0aENKIC43MJ8krWKnO4TnIhXkWEaQ2o="}},"n6Wft/44KhTg8MV9+VzcGt7mOydgoU7/eiw8FmLkMrQ=":{"valueMac":{"type":"Buffer","data":"NLhw0P4y6qqQDufMF20a/dKklYLxhULZzOEBdd8wfGs="}},"n+6r4Tuax4kIvafXLL7ez2xkjTElLyOXL7RLzVBDopM=":{"valueMac":{"type":"Buffer","data":"kuO5TIzS2kLLHMylARbJbskZwT13kumC0TyF2cF7o3o="}},"o3X3tEABiYqGdC7Ed/8uvoUHsbb5RwnI1FamQDg2w6Q=":{"valueMac":{"type":"Buffer","data":"hOTe+FJITqAMnFKInVkV8Q0iFpC+5hzVJKvDbYwjxfQ="}},"rMA9mhMmls72upq9EESGzNrFfLLvguui/z0sLnj4mkM=":{"valueMac":{"type":"Buffer","data":"pXaC4yqqKDy/AfU0OVHAV5auei/+9DV+019da/e3S7o="}},"rODFvcA1vRNqU5Foq60/99GAraYSJkN1F8MBRy7G1js=":{"valueMac":{"type":"Buffer","data":"/CQnwtfF9alI4XBiUXX3s96+pYcVjs2djGxpnsaZr6A="}},"ra3yeqPQRMCu0K/+IlDC9KVq7Y29pWweOl7K8opDsMI=":{"valueMac":{"type":"Buffer","data":"0lnU0h8IDfvaK4DVB1/J8LnObilY7hHOypFrtaT8m4g="}},"rq0QwPaZKdbN/f7F2+Rn3ReWQoNjdu21wmy36Vz8Yw8=":{"valueMac":{"type":"Buffer","data":"mGNNUa/cwQVPLefKAPK1MBqq+LGIc+9jnQBX8t03B9s="}},"r4YOXA1HqJgg3rW0iYOub7o9uiFZRftHCkEMJvVA73w=":{"valueMac":{"type":"Buffer","data":"7F55gLGxWXjh68TTNSYdeSOAQHgo6K88ARmRSGh4N88="}},"r87JpVlY/SxP4W6UHY2iUqc7dUzhrjZnBaoCxqv6GU8=":{"valueMac":{"type":"Buffer","data":"285PuQIPhickM0nKx8LugMe5Qa4ziIwXorZx2YBz9fM="}},"sxDVOtBcPDdzvWe4of8HvozY3wL2ndZkfmzNhcguzUg=":{"valueMac":{"type":"Buffer","data":"tDDvKlVyHH9HfgkJQKbjmqt3tv5jOCYpCmwyCEwxS/Y="}},"s0ekOksekL4YYmdOwZeoj+/z8Xm8gP7NwhSAxoGibyU=":{"valueMac":{"type":"Buffer","data":"Xd0hJz1UjH9KUyoF09HNpM27IbOcw23wI/E6422LZXE="}},"s9CvZPz5ojXeJC/TIRFRz6O4Yo0ZXmxSZx6D+Yn8nKo=":{"valueMac":{"type":"Buffer","data":"tr7gZ8cmLdOpWKI3KfE7b2IFu51lQvpmcxXFCLFX8wU="}},"tCTMlaNA1lbGMkVPOIP0x8nBGCAGTJ8rGFRYUWPGfeo=":{"valueMac":{"type":"Buffer","data":"ThFlJS3QpFC+yY/LlgUfiCiJmztXPm46LjnFAXwD67g="}},"t9D0IX5ZMTp6b3qRJOK9sCMXzaIS+V3MFYgpN+a5VBo=":{"valueMac":{"type":"Buffer","data":"oC5fva51WAe6zL/gyuCKwEhEYUDWGxVKxXSyuXBgtc4="}},"uKELPImp31QNKXOdtRRAeHxsi8yAF8yxU5OiGlvqszI=":{"valueMac":{"type":"Buffer","data":"p9BMlYKyh5R5/Ajl+FVr0+X65d5Z1a79KtWMdj2sy18="}},"uave9WWp9z54NYkRODSOQ5oCj6PXiICeAu+TI/SIdVY=":{"valueMac":{"type":"Buffer","data":"cLb9XXYdnE9vvVbNEl/W9m96OiXRiZWdSzf5q1ety1c="}},"vvnfFrX7lo6hbJQs6/kf8iZrcYLGcXx4R4h9uV/PN4k=":{"valueMac":{"type":"Buffer","data":"xw/1d0w5h5tndT87FT/YUCDf7anB6y2hDZi4qrC31Dk="}},"v7vvyATpWQ46Jbvd4uWnAKspk9I76Y3G730eIo/tX/E=":{"valueMac":{"type":"Buffer","data":"h1Tr34yT1BDbomZVzfYXXFAjm5OFybx2gTvlBAjI+Ew="}},"wd2q94/l7vGC2n8rV5n4VsvcNRz1pQxLcElBlAhM46w=":{"valueMac":{"type":"Buffer","data":"//8DpQOKRvG5Kr6doId7tlT2ztv8xaiHyLIYNneSBN4="}},"xG3O4sq4VhTlBCbNkNdDx/KlJd41W5WzJYVk5MWX2iI=":{"valueMac":{"type":"Buffer","data":"yN37lI4YAN61iWhaGoSSF3KsgPMIgxRFxXpKpPgH1Qk="}},"xLWSV++d49J9AwQXX+qu4GKHP6V/xZ26kIXbnbz+yYg=":{"valueMac":{"type":"Buffer","data":"f1p/E1qaICfWXRuq3qLvwjwnffFJXXZ+hzvtlYfC3VM="}},"xc14KJrdFr5y/x/6WNX6Kp/S+FnvRtgotW4XY6cUp30=":{"valueMac":{"type":"Buffer","data":"oka3iFkxhvTOvwBcgeB0qI0H+8vqnuu2q7WJorrFebI="}},"xhs8YFu/TRKw+NLHSwi6Urazq6VO5IqHPl7l+MEte68=":{"valueMac":{"type":"Buffer","data":"i/V33qDx+z8dQcqxkqHHeFB5uGOdyWfAhbMHoUztkWU="}},"x21jM9OCv6tYJUgt9kQTwFs7YKZEDgw/RZnqZTAx0cI=":{"valueMac":{"type":"Buffer","data":"HximV5xZsHl4r4gp6vdxw3VPb/DUM+ysL7XI8b/PzFA="}},"x3xEjMr64QgKfEijgTFajkzMe6YaSU4lWitp7/pmzt4=":{"valueMac":{"type":"Buffer","data":"zv92vtrU69ULJ6tIKkFOBBmhlsmKLco4+KSmfxRejYg="}},"zCDgikLni/PBYh8kLhjvq+2nxF8S+4qQSf/lSbnPIOE=":{"valueMac":{"type":"Buffer","data":"lientztbgLmvTYeu+xmIdobYfq0QeMLwOhXpU7AU/q0="}},"0VXk881A6ijzdMGGmcWC/jlJIBlu/oxpet4Vkzxesa0=":{"valueMac":{"type":"Buffer","data":"zahaL47mpyEibuHruTaJaEkLaZUjs2Pwx5t/AQmxOK4="}},"0gp8Dbwq/ZSG0lY2uGrKAtEZTmkGpOsT0wRfdBDjAPI=":{"valueMac":{"type":"Buffer","data":"jl7U/PBcnEgCce9gNQR8EjB4iYGsEBnQE2tOmGPYo4o="}},"0jgNm85sn86RCIuLux68wB8c58x9IuNyK0/JIMXb9kQ=":{"valueMac":{"type":"Buffer","data":"Z+TPz7GheO4o/Fl2uomh3aB3Jnxh+5tlenNAQDxxIK8="}},"1QpxsroWml+1+Ld/D+yWOD0IybS6YKVNKw3pq6aCPu8=":{"valueMac":{"type":"Buffer","data":"jGp+htr2LqEuyY87/i0jWWoa36k0L4Sm9x3h88d2vto="}},"16WO4YLgKF0o5VdDrVq1lgARv382ledvR3ypCUR4oYU=":{"valueMac":{"type":"Buffer","data":"MykKYrOpqMT0Hrc5tLFyI1Zb+7W+a3RaC8PPWnMEuVM="}},"2A5tzjTTkLSbzJWDqYn+5s02jIzELVLMYEQ/t6SeDb0=":{"valueMac":{"type":"Buffer","data":"btfnxCmpNtuKOwfEoJQNphbfkFyaVt/o0PnXFKi9CLs="}},"2wQGZgp9PsIdPvG1Moi81lCcMy75HLVy+UGv4QSLtKo=":{"valueMac":{"type":"Buffer","data":"yEUs5Ng16FXPZTUHZrWN16NsC/BmWme+gBp4S0qBeqo="}},"3JgcxuCBImHUu+x6b8UsQsdISXbEcGxXN3NAa1uz1AY=":{"valueMac":{"type":"Buffer","data":"QjdlIlKl7bNL1VUw5gr/4PQUqrb2G91J0akaokwB2dI="}},"3L4VxFs/9T5RYtRplbhuMPc8l5saGPAkq1RaiiYMU5o=":{"valueMac":{"type":"Buffer","data":"ZNdvqLAhB6I3USjT91IXYRvxrsg2OVK1eAD+Begh27M="}},"3O9T4GFNN3F/enbyyGOyVfQTzMQ9su0dWRbywo6Tnsg=":{"valueMac":{"type":"Buffer","data":"uWJZN3JidHV00jr7SjfsSgdEu7k8JXxu5xx3Xhr9ToA="}},"3jfCfZOjqOsFPzcPuHtcTmtn7tzIhRG2v0j4kvEWLUk=":{"valueMac":{"type":"Buffer","data":"jXb+SA1sAV4ZJHU7B3iOXbAwZFMtKWCoBrUAPHjC8Lc="}},"3kGNq+ahJo8HW4rGJ1NzAfh+aUbYiyAMee/PlFXgzAk=":{"valueMac":{"type":"Buffer","data":"cIaor1vBbsfJXRMKhvnAIHWzA5CtxpssnGTN9gKOltA="}},"3/Zl/Nk3w6Inpz+lXP+TSL/l7qIDEbT9wQ/WJoxdvPQ=":{"valueMac":{"type":"Buffer","data":"1oVbTq2XiR+EQCjODKEO7lMizQ2Y0FzskCRMb7voLg0="}},"4GI18ISNMzV2n/hgv1BAdDLu7qCiYfQ7R88ct8OCOu8=":{"valueMac":{"type":"Buffer","data":"rslmusA/2nOme6oUx7EGzbqn33TJUtMr4ZYey/aYryA="}},"4HEtUMeP0KGAxp7PBPoMM7urtv7xqy/qhIzQTgfaNz8=":{"valueMac":{"type":"Buffer","data":"/PyEklSKgyaJcxqExW+H2gclqeKkUc/nQ65syIw7IAY="}},"4uUTtzBISMRFjv/V4gd/HrSV8vSp6R+/FGp2mpDiWVM=":{"valueMac":{"type":"Buffer","data":"hAFtr3KDwdVpR815T2DdlFDHNHYXbxgESYilqGKQHoA="}},"5RF/sIW9Ieb8gH1PJEEpvjB/JHr9h5TQWq2fMVJ3jrE=":{"valueMac":{"type":"Buffer","data":"wpgRSGNMKyFl2vH9c7iZT5Ryjx1mRrGhoN316/pc8Ew="}},"5RjZdPlxHuLyjML0nWR/XwFSzUowEMzIk4/uWDhonmI=":{"valueMac":{"type":"Buffer","data":"q41ktcq8Qcl0fJ39DAhOpbO4qxE6rcBcs05jD/1GZIY="}},"5ZDTVyR82mB41VoMF+cV09XSOT4mq3bayAh8463xAzo=":{"valueMac":{"type":"Buffer","data":"d3TtbVvnINw+OEjs3PHm39bR6Q7RelFwZ1hWO3rK+sg="}},"5iWfYSuL2z0R1jdDrSE4hlAACKb2eNaISKr5Cgz7jXU=":{"valueMac":{"type":"Buffer","data":"mQs/0AvsB4EQafiYPrpVVfwjI6isRTGQIT8x0N3ZSz4="}},"6cSHNYrkGrg1NHJh2w5cVDXjKcmhuF7p6x7G9LMXpHo=":{"valueMac":{"type":"Buffer","data":"oX2rapETcFE3et4gC+QkTAKlCVT5mTKF29Nj1EiZ0Fg="}},"6ibxlrmtyaE2PH7sAqoMew9lNh9imDeoLH8llc3QG3o=":{"valueMac":{"type":"Buffer","data":"KniEaREfdJwqOImETXxvAjOhiMIIfR/tYLYw3t1e9Tc="}},"6x7xEkVSDQDqEzxcOmJxz0SMIaUg5FWdBT9IcCLrKtg=":{"valueMac":{"type":"Buffer","data":"2umV5bZ04UW2RLKrYWqc00NOKB5d6YD9mVjimzoSwQE="}},"64EpRD3C5mxaR+2a1uBdUBqcMR44gPM30jfRoTObblI=":{"valueMac":{"type":"Buffer","data":"SSeus06i/46bbt+l+58aJ0wVXCegkF8D81f1OjZUjq8="}},"7QKcMzl6ME5Moxudy3Ynph4lTyi/cRvc+yISP8lJD7Y=":{"valueMac":{"type":"Buffer","data":"oy2dJ7dOQamelkIkLgOFZllcO3E8lOMaWVKUH0/gZpM="}},"7ZxGe9gQHVjd17tm1gqa5oKXP3euekiOCdc18KATIiA=":{"valueMac":{"type":"Buffer","data":"x0d29RBzE6s6cK3ejQ1+goag+sUguFyzjZqEeCcevUg="}},"8Azi3k55/7qBvuKKx37EwbRQMA1fwT4LYKhb+WmEoxk=":{"valueMac":{"type":"Buffer","data":"ztm3QdfnSSUcnHMGLgnkYQM2n+9I6TpPsPNqbbRGT0g="}},"8qZTKE/PeG7yv2R0mLW+i2SWFrg5NebF+jf7j+H7NPw=":{"valueMac":{"type":"Buffer","data":"vFbkA/wcajfZarbirGS/YCTSMEe12tEd/F7qPP5pj6E="}},"8/kIracc9Qsh/tsTM/FWXn8A8GY31ok+Acra0mzdVKE=":{"valueMac":{"type":"Buffer","data":"a3uSINXMSbV+2e0G4mG8//0Yryqjj+TT4qmofN+W3BI="}},"91NFAQNYWKgH1Iz3tZ2fu6IZdmw5+UFYBDsGACtKuws=":{"valueMac":{"type":"Buffer","data":"oIzaWpLGzeQ4DlA98RFq6VMyOnFTnnB8/kRRT5Smpew="}},"+F6F8n+kxITf/DNxoF+qUTcDpeYlyFtlVvkSHb0tjFM=":{"valueMac":{"type":"Buffer","data":"4MCQuJhq1tkNmyKttoLwO2bYagE5iuEHcgHA5hr1Snw="}},"+LC3oATNqnEVxDgBBsFMNy+KbcJ73Cvwxk1cf1fsO40=":{"valueMac":{"type":"Buffer","data":"09Dzavuf1Ng6i5FRKI0G3Obc5o+NmluPe/O5vnHgaww="}},"+WT/P2fGojtJIc97x9WmwV86sZnvGbDnOZrhlyhG2yg=":{"valueMac":{"type":"Buffer","data":"APMy8weyiF8wnEuoSOT0wLXT686wXHN1IGWGCqt7Gww="}},"/g/Zcl1rxXQdyp6P6Mee5rcPZhIjfWTqonFX5vIXlrc=":{"valueMac":{"type":"Buffer","data":"X6B6FZvprugvAEhDBKO8v5zvLzNcadl3IicYQAdUp6I="}},"+/NOG/Zt9F4eivrXamkzWGYAdr0IcJDzrRG1hmGyCuY=":{"valueMac":{"type":"Buffer","data":"YD2rBsCUmZ38Yc5IsylmmGgHc7HlbPFGLTcjcElh5qU="}},"nq5aIreXu1CTLlTlGNV2O1wstNtlIsVYzabzD0WbYP0=":{"valueMac":{"type":"Buffer","data":"UluzmD/UkOBeFHpjGB4PmFletvFunJaeHyyIzINvhuE="}},"FaUeGM3ymzDujBHA7HUp9mJrhXg0PT3mlA5FbPPr698=":{"valueMac":{"type":"Buffer","data":"OijFr+0/N9kOeYd9K9GcE4s/fyebp1TNLAOc/K9Hb/E="}},"IYrCdwkwxCbyJW76K5RkbeAwS2f1yOTea/RXXs1wj+Y=":{"valueMac":{"type":"Buffer","data":"SGrR+4PZhVX858yCBH8F2enxw+e8o2hjwDCPVAP1MHg="}},"bqIApWvu8Xds9LUCH7zKRtCEXtJNufPeE3TmyYn2KAU=":{"valueMac":{"type":"Buffer","data":"a4LN1YbwAIb7Do7RLMDqp8o+hLAvG2nvJsJNx+jn5m8="}},"nNW9VufDZDs/V97jdI4PJb92WMm2TRaHrziAT0JZIuk=":{"valueMac":{"type":"Buffer","data":"OeJBn7zzUxyAIoc6wCW7z0PzIGYzaC7TjB5hWM5iwU8="}},"2kbyg4j5VEKKOxJvoVW80zBv1Yx75LoeLuPChVdkWOg=":{"valueMac":{"type":"Buffer","data":"eUxLDx6mw9DVSzZxrbYAUpH+6ohIeuOWQn37TBod8qs="}},"hIIscvy8s3sXWAW7/EuHrxQvjteCI1tRsJnvC+M3Wkg=":{"valueMac":{"type":"Buffer","data":"IYHhMuDQXfmN4Us6mMRBPkmIfQ4BTwz06PUxMXzSWgE="}},"qdkEz77fi5TsMysmhBafdd7qhzHpkC6BQAeWjMoaw40=":{"valueMac":{"type":"Buffer","data":"+YNO7SZIZx6Cde7RC9zwV1hzDMOiz88keJ0a0YUGfng="}},"JFF8fFrcQivVis3ezVC81pwiElGGXtu6DJXHyh/Y8LI=":{"valueMac":{"type":"Buffer","data":"6qCf1OOwaZW9zNSRNrdHOkh1wN3wntwgQhAbAWX5utI="}},"qkYYquAJ2GGBvdt91gCjE/Bl5kkB2orSJoE9KzeisMQ=":{"valueMac":{"type":"Buffer","data":"UloUoxd/Uqb+F4XduFryyn+eodDBuE+d5MvWBxJv3rU="}},"d80jtchW8GZ16I2inf/mYuXRDxkZ7sanrtQfCtXDhuo=":{"valueMac":{"type":"Buffer","data":"uO1S0OJHrXD15L6klr7uMEAwhz/JmQVA6NQW9rTD2WA="}},"XuUzdj15jrWixp00ON7tavsl4w7SqHGXG3FQcaOm2XU=":{"valueMac":{"type":"Buffer","data":"kKmhCdT97yUZ5UsZHpsBau1koC6hO7dnIdyTipUuEVc="}},"UG50VZGGa17Vm2dkb3R2FzVkbpxtoiO/GA2kPSAPKQw=":{"valueMac":{"type":"Buffer","data":"4ORZL/wQlYUqZuVeatjYmFEG8jTuwiypTuy95Sr9OmU="}},"Kx7glRA7tLaOIoxuk34GuT4/wTDc4L7in62f8B/ERYw=":{"valueMac":{"type":"Buffer","data":"mBigFQM+kKe1x4guLB21rrhYeT4moNOZoHR1UnSkcIU="}}}}