{"noiseKey":{"private":{"type":"Buffer","data":"2Lbk+1TloORKV97aqW3G9e84z7sQeaoA4vzHyej/EHM="},"public":{"type":"Buffer","data":"4xLKlmkK3o/sYeRTGqPB+kfFH9miACFaY3ALA8vr+kE="}},"signedIdentityKey":{"private":{"type":"Buffer","data":"AErp3yUQgRkhEnhpUlkqbck6JvJ8v66BZDSa8Iva8H0="},"public":{"type":"Buffer","data":"vkFuFxNwrm1Y+WlU17s0e8QzgT7ZKDbZRjczHHs7x3w="}},"signedPreKey":{"keyPair":{"private":{"type":"Buffer","data":"6MgnSyoAzC7z5/q5iefe7C5LyF2WpFotUowWXw3Mw3U="},"public":{"type":"Buffer","data":"awjieoBTUn3Orfy2lIhmuy6vjWjh9UeZaYv+trmLmgQ="}},"signature":{"type":"Buffer","data":"9R+8qz4SsJOxj/7tqb2OnLVhqRwJTFndMCSKRUD+6HXtlyS6k1eqbFnkGDGxMvCrz8TMuswKGJmKXDeoRSEvDA=="},"keyId":1},"registrationId":66,"advSecretKey":"4ttKMtTGS1O5iHBddQlne4EITvMwZ3ioVBwASmTE3S8=","processedHistoryMessages":[{"key":{"remoteJid":"556293735175@s.whatsapp.net","fromMe":true,"id":"B04270C35E7360AFFE0D11BD1BAC8F57"},"messageTimestamp":1691539426},{"key":{"remoteJid":"556293735175@s.whatsapp.net","fromMe":true,"id":"D1852A173EA7FD37B4AE96ECA3CCEBBE"},"messageTimestamp":1691539427},{"key":{"remoteJid":"556293735175@s.whatsapp.net","fromMe":true,"id":"7597EE1030E4814A6AD3479CA04D0F01"},"messageTimestamp":1691539437},{"key":{"remoteJid":"556293735175@s.whatsapp.net","fromMe":true,"id":"11C87EB52147A6170FC48E56C448DA65"},"messageTimestamp":1691539437}],"nextPreKeyId":244,"firstUnuploadedPreKeyId":244,"accountSyncCounter":1,"accountSettings":{"unarchiveChats":false},"account":{"details":"CIjJo50HENevy6YGGAE=","accountSignatureKey":"Z0sC/fsqBkTymgYmuSnNLjroS2tw5bWaoZWaUb5aalc=","accountSignature":"BSQ+/1pOT7rObjA2QhsTSjdXeiHnMroS+ZvZXBl6B3dO8QTr9t5XrgvJoOMLUcgwCymSPmhTYdTBYP7jwHKeAA==","deviceSignature":"utMk9BRmFr4J3iHapEittVNQJ/dbu+I9axZ6ix8bQGUHMq20YrVuDqt4TJi7m8aJzR9FygPa1R0jozosufeLAw=="},"me":{"id":"556293735175:3@s.whatsapp.net","name":"|"},"signalIdentities":[{"identifier":{"name":"556293735175:3@s.whatsapp.net","deviceId":0},"identifierKey":{"type":"Buffer","data":"BWdLAv37KgZE8poGJrkpzS466EtrcOW1mqGVmlG+WmpX"}}],"platform":"android","lastAccountSyncTimestamp":1691850065,"myAppStateKeyId":"AAAAAH09"}