[{"senderKeyId":2001062851,"senderChainKey":{"iteration":3,"seed":"JofhiQFiEc1H9jGc4UCQOmur2rcD8YEozGszjgb33zk="},"senderSigningKey":{"public":"BSkerwT6/10j9Il7BQmDeigmn5wEHylKbuhCf+Oaud9A"},"senderMessageKeys":[]},{"senderKeyId":1526412882,"senderChainKey":{"iteration":1,"seed":"jZxOpgismYJ/W15ejgJ65xa/xhZ+W5f+oWNuuUVaz4A="},"senderSigningKey":{"public":"BSq6UbuThpd5ZG1N4V2WOO8LalMcflbL52Ikt200taBF"},"senderMessageKeys":[]},{"senderKeyId":884682658,"senderChainKey":{"iteration":1,"seed":"22m9bQYcJgOBlRofHRvr1flKDINmnefxvyQlRaj2rh8="},"senderSigningKey":{"public":"BaxUiR0AkXXTwCyvQVbH+9EF+9DK+ZubQtyIoKNxqVIe"},"senderMessageKeys":[]},{"senderKeyId":315935554,"senderChainKey":{"iteration":4,"seed":"EdaCj5GC5a0L7GshXrFZgufBijXMor6x+Qa94xvVc7g="},"senderSigningKey":{"public":"Bffy7wWAP0x0ppgb6yE19oSsVBtNYIh885Vz7wn7uhw5"},"senderMessageKeys":[]}]