[{"senderKeyId":4415412,"senderChainKey":{"iteration":6,"seed":"5dOfwh28ZlAK1GMiIAaOnLCmq/OUfhMIH/XBcDRnvc8="},"senderSigningKey":{"public":"Bfk4MwGgKByFpsw5LnurjuOVhFXTzFpmLj5inSC+zGdW"},"senderMessageKeys":[]},{"senderKeyId":4415412,"senderChainKey":{"iteration":2,"seed":"e6C1OJfbdIIN/78TpJd/0DaCzVGyJXtP4f8tHSZ0K50="},"senderSigningKey":{"public":"Bfk4MwGgKByFpsw5LnurjuOVhFXTzFpmLj5inSC+zGdW"},"senderMessageKeys":[]},{"senderKeyId":4415412,"senderChainKey":{"iteration":3,"seed":"mNDqvYO+wQrkes7kU6iIoiKPzaabZcFMiKzl3VQhYlQ="},"senderSigningKey":{"public":"Bfk4MwGgKByFpsw5LnurjuOVhFXTzFpmLj5inSC+zGdW"},"senderMessageKeys":[]},{"senderKeyId":4415412,"senderChainKey":{"iteration":4,"seed":"ogNRUQ5gD0Zu23Vhl8qekSgxXCHTdMj426ac3SOcV1g="},"senderSigningKey":{"public":"Bfk4MwGgKByFpsw5LnurjuOVhFXTzFpmLj5inSC+zGdW"},"senderMessageKeys":[]}]