[{"senderKeyId":1899503723,"senderChainKey":{"iteration":3,"seed":"AJWoeHepJglac/THaPd1kKS/e+DWLr3C0DMVv5x499k="},"senderSigningKey":{"public":"BV9tisBmSENVs/bCv4PwVbDPLDYtsqsJ7qzduV4MoG5g"},"senderMessageKeys":[]},{"senderKeyId":1629854615,"senderChainKey":{"iteration":2,"seed":"in1OCvlaBMssp1UFkQprMpTe4utpi3+fqpfyn5dL5h4="},"senderSigningKey":{"public":"BQwDHKbSzhlGhiKRhVAWPND2IxBi16IMJVLTowdw3Lk/"},"senderMessageKeys":[]},{"senderKeyId":1074800537,"senderChainKey":{"iteration":1,"seed":"gQK4NYPcCXDlk60dY5iGJrYc8uRdld3VJYv1p379cyg="},"senderSigningKey":{"public":"BbR1LdaUZLUhXu61sZtS5pUGqPeLk+cdhC7h841YlQx6"},"senderMessageKeys":[]}]