[{"senderKeyId":599844534,"senderChainKey":{"iteration":3,"seed":"lOyfCt+wKpBvmq1j91Wj2BuV6t4JNiRzWhy+NoS9cUs="},"senderSigningKey":{"public":"BYSDMHClyRZTaVqUqAbB3k8EpcZjbq/bkllo6bggMHML"},"senderMessageKeys":[]},{"senderKeyId":599844534,"senderChainKey":{"iteration":3,"seed":"lOyfCt+wKpBvmq1j91Wj2BuV6t4JNiRzWhy+NoS9cUs="},"senderSigningKey":{"public":"BYSDMHClyRZTaVqUqAbB3k8EpcZjbq/bkllo6bggMHML"},"senderMessageKeys":[]},{"senderKeyId":599844534,"senderChainKey":{"iteration":3,"seed":"lOyfCt+wKpBvmq1j91Wj2BuV6t4JNiRzWhy+NoS9cUs="},"senderSigningKey":{"public":"BYSDMHClyRZTaVqUqAbB3k8EpcZjbq/bkllo6bggMHML"}}]