[{"senderKeyId":1656520702,"senderChainKey":{"iteration":13,"seed":"UzpGlFoCnYCMI65Ev/Gu5RiybqvcjEfKAUqJozsABfQ="},"senderSigningKey":{"public":"BR5guLUJSiT3kfL1tfHQwe9x9C5hxj1fqLiPzMJnEIMu"},"senderMessageKeys":[]},{"senderKeyId":2133799778,"senderChainKey":{"iteration":1,"seed":"+dNlUmCnSpZWHVgpq9Z0qwxO1GEbTIYfJU6cLzrtRIs="},"senderSigningKey":{"public":"BSBM08KExZTSGU6EskQuqz1IVzU+/aQXsXSahp7as+Mn"},"senderMessageKeys":[]},{"senderKeyId":1426872616,"senderChainKey":{"iteration":2,"seed":"sML3JkmRXeF3bY18dJvMRcZMaOoSwGv1qtkyUQ6oQio="},"senderSigningKey":{"public":"BbPue+QULKspMT0xi1UWWVJ2vH9wEwAdn78JS4CsKHUP"},"senderMessageKeys":[]}]