[{"senderKeyId":816599641,"senderChainKey":{"iteration":11,"seed":"0ccD/nMfgpkM02mMl4zIAh6OzXG87u7JpbOCkvPckUg="},"senderSigningKey":{"public":"BQokT+jdrKrIrnh/WY4NvPT0rvS480aOZgp/2Xm4v5Rv"},"senderMessageKeys":[]},{"senderKeyId":1329355871,"senderChainKey":{"iteration":7,"seed":"eSD3JvPeGUjIejmhBq1sAwLmsUtNgwNqc/K4fN3gT/Y="},"senderSigningKey":{"public":"BQEP+wkBv2iCk+gCIiCBcZ4MdqVGc2LL599vt2xSPzk1"},"senderMessageKeys":[]},{"senderKeyId":282684767,"senderChainKey":{"iteration":3,"seed":"xaywI+YpIhvc65/vERvU4d2D1IzlPhw1qCn7orctzDQ="},"senderSigningKey":{"public":"BXAkkUVEijJVEY0G/+ANiZ62QVnSljdqrV+3TpcHBCI9"},"senderMessageKeys":[]}]