[{"senderKeyId":418188094,"senderChainKey":{"iteration":30,"seed":"sK6nT08fTqDERntvi5j+zEqeOrwrk0KYjB31Dn4JmFU="},"senderSigningKey":{"public":"BaeiRkGNz5UyYuX5tcKZBmetMMoGVumalRrVt6YqgVIN"},"senderMessageKeys":[{},{},{},{},{},{},{},{},{},{},{},{}]},{"senderKeyId":418188094,"senderChainKey":{"iteration":4,"seed":"Cq4s6QfLFmutTWr8LTeHY+EeJUk7zJk9vxg9BRrRc/8="},"senderSigningKey":{"public":"BaeiRkGNz5UyYuX5tcKZBmetMMoGVumalRrVt6YqgVIN"},"senderMessageKeys":[]},{"senderKeyId":418188094,"senderChainKey":{"iteration":7,"seed":"WiiMcWhuhTsszjUa33GEphuh2HA1MjnHJOMjie7vb6w="},"senderSigningKey":{"public":"BaeiRkGNz5UyYuX5tcKZBmetMMoGVumalRrVt6YqgVIN"},"senderMessageKeys":[]},{"senderKeyId":418188094,"senderChainKey":{"iteration":9,"seed":"Ttebrwv1diMtzkLGJhVznkzLk7dNlJ7bJ5Q/UuJQAIk="},"senderSigningKey":{"public":"BaeiRkGNz5UyYuX5tcKZBmetMMoGVumalRrVt6YqgVIN"},"senderMessageKeys":[]},{"senderKeyId":418188094,"senderChainKey":{"iteration":24,"seed":"kXzBo+hWsTqIRS+H2PiYGtz7Uram1h092qKb+dzR+R8="},"senderSigningKey":{"public":"BaeiRkGNz5UyYuX5tcKZBmetMMoGVumalRrVt6YqgVIN"},"senderMessageKeys":[]},{"senderKeyId":418188094,"senderChainKey":{"iteration":29,"seed":"TzPeKvrP7blUbKyt/M7LD3Fmrp5GFKVIoI/k29qPdGk="},"senderSigningKey":{"public":"BaeiRkGNz5UyYuX5tcKZBmetMMoGVumalRrVt6YqgVIN"},"senderMessageKeys":[]}]