[{"senderKeyId":521079541,"senderChainKey":{"iteration":6,"seed":"tRylzJCO4w+y3cu+6a6RrjG7eN9RLDvG5VJ+09gSByU="},"senderSigningKey":{"public":"BRtySSMB/HXVFuOqkn8LzSNCS51rBQNjgsI3vg7CVXlk"},"senderMessageKeys":[]},{"senderKeyId":521079541,"senderChainKey":{"iteration":6,"seed":"tRylzJCO4w+y3cu+6a6RrjG7eN9RLDvG5VJ+09gSByU="},"senderSigningKey":{"public":"BRtySSMB/HXVFuOqkn8LzSNCS51rBQNjgsI3vg7CVXlk"},"senderMessageKeys":[]},{"senderKeyId":521079541,"senderChainKey":{"iteration":6,"seed":"tRylzJCO4w+y3cu+6a6RrjG7eN9RLDvG5VJ+09gSByU="},"senderSigningKey":{"public":"BRtySSMB/HXVFuOqkn8LzSNCS51rBQNjgsI3vg7CVXlk"},"senderMessageKeys":[]},{"senderKeyId":521079541,"senderChainKey":{"iteration":6,"seed":"tRylzJCO4w+y3cu+6a6RrjG7eN9RLDvG5VJ+09gSByU="},"senderSigningKey":{"public":"BRtySSMB/HXVFuOqkn8LzSNCS51rBQNjgsI3vg7CVXlk"},"senderMessageKeys":[]},{"senderKeyId":521079541,"senderChainKey":{"iteration":6,"seed":"tRylzJCO4w+y3cu+6a6RrjG7eN9RLDvG5VJ+09gSByU="},"senderSigningKey":{"public":"BRtySSMB/HXVFuOqkn8LzSNCS51rBQNjgsI3vg7CVXlk"}}]