[{"senderKeyId":724321525,"senderChainKey":{"iteration":29,"seed":"Y7UZStWx0AYkosKoNDIz1F1xrQwlT8oNXza1xHKtepg="},"senderSigningKey":{"public":"BfJwzEdjAOiFUqzJMH0zhm8OWLQdykikvkgnmEDpC6Jf"},"senderMessageKeys":[]},{"senderKeyId":202706629,"senderChainKey":{"iteration":4,"seed":"e8l6IiK1wBCbHRvPuYWeU6Ukcfi9TAQbMhwXp+41fPs="},"senderSigningKey":{"public":"BdPvUPJGy3lUYu8ZJnOROmH+52iTkaOnZ9QmEg/BYDJ8"},"senderMessageKeys":[]},{"senderKeyId":276570734,"senderChainKey":{"iteration":20,"seed":"DNiTbClhwhB7itND/Xa8J+VO8dob2UuObuHQ3u6m04g="},"senderSigningKey":{"public":"BfAKeb1xM5+xhAS6ix6P99XDMandcK885JJf3KZw83Jo"},"senderMessageKeys":[]}]