{"559984062425@s.whatsapp.net":true,"5511997981891@s.whatsapp.net":true,"553598937812@s.whatsapp.net":true,"557599025987@s.whatsapp.net":true,"556292723321@s.whatsapp.net":true,"556295450818@s.whatsapp.net":true,"553898948629@s.whatsapp.net":true,"5519997111399@s.whatsapp.net":true,"556282191881@s.whatsapp.net":true,"5521998311217@s.whatsapp.net":true,"556282308269@s.whatsapp.net":true,"5511970211084@s.whatsapp.net":true,"5511978432260@s.whatsapp.net":true,"556499532962@s.whatsapp.net":true,"5513996453044@s.whatsapp.net":true,"556298357959@s.whatsapp.net":true,"5511977633778@s.whatsapp.net":true,"554796188434@s.whatsapp.net":true,"5521969421232@s.whatsapp.net":true,"558598415079@s.whatsapp.net":true,"5521997324966@s.whatsapp.net":true,"556281729384@s.whatsapp.net":true,"556296868830@s.whatsapp.net":true,"556296868830:11@s.whatsapp.net":true,"556296868830:12@s.whatsapp.net":true,"553898379109@s.whatsapp.net":true,"5511970879943@s.whatsapp.net":true,"558186487704@s.whatsapp.net":true,"553398256781@s.whatsapp.net":true,"558994535460@s.whatsapp.net":true,"556181666156@s.whatsapp.net":true,"553199017280@s.whatsapp.net":true,"5521985279290@s.whatsapp.net":true,"556293735175@s.whatsapp.net":true,"556293735175:5@s.whatsapp.net":true,"556293735175:8@s.whatsapp.net":true,"556299298391@s.whatsapp.net":true,"555391377932@s.whatsapp.net":true,"558282291031@s.whatsapp.net":true,"558592088108@s.whatsapp.net":true,"557799885107@s.whatsapp.net":true,"5521964548995@s.whatsapp.net":true}