[{"senderKeyId":326992749,"senderChainKey":{"iteration":57,"seed":"TDx82067OAvdbYgkXeEPkol3ZTKkC+i2R2LeFPMXFbA="},"senderSigningKey":{"public":"BWiB8ud2coHe3Nlp8Se7raQdKdD+8EmXK+vnYlGQd2MH"},"senderMessageKeys":[]},{"senderKeyId":326992749,"senderChainKey":{"iteration":2,"seed":"JfcRGZ1P43v2n+unvu39+yMTcKwoixaQ/T2CFmxdUEk="},"senderSigningKey":{"public":"BWiB8ud2coHe3Nlp8Se7raQdKdD+8EmXK+vnYlGQd2MH"},"senderMessageKeys":[]},{"senderKeyId":326992749,"senderChainKey":{"iteration":3,"seed":"JUfPHYWR8W/sn+MKMa63NOyX4cx0rgDuHY6+etQrA6I="},"senderSigningKey":{"public":"BWiB8ud2coHe3Nlp8Se7raQdKdD+8EmXK+vnYlGQd2MH"},"senderMessageKeys":[]},{"senderKeyId":326992749,"senderChainKey":{"iteration":4,"seed":"TZnxwzFBBCm5go2JDxBp+APxP4CTkL8RvkwMu+DY5f8="},"senderSigningKey":{"public":"BWiB8ud2coHe3Nlp8Se7raQdKdD+8EmXK+vnYlGQd2MH"},"senderMessageKeys":[]},{"senderKeyId":326992749,"senderChainKey":{"iteration":7,"seed":"ifOZ5FjqPNL1fiS2uPMetFwSbt5HA4qzYPStPqUP5uc="},"senderSigningKey":{"public":"BWiB8ud2coHe3Nlp8Se7raQdKdD+8EmXK+vnYlGQd2MH"},"senderMessageKeys":[]},{"senderKeyId":326992749,"senderChainKey":{"iteration":8,"seed":"vQKNqhPIqboAFybBouhUQNsDNMWMp9WPzRpTpwYQ+1s="},"senderSigningKey":{"public":"BWiB8ud2coHe3Nlp8Se7raQdKdD+8EmXK+vnYlGQd2MH"},"senderMessageKeys":[]},{"senderKeyId":326992749,"senderChainKey":{"iteration":11,"seed":"HDTXImHGXORQVwz7mYZiO4bygmS2LJ2nzqfWxNDkHT0="},"senderSigningKey":{"public":"BWiB8ud2coHe3Nlp8Se7raQdKdD+8EmXK+vnYlGQd2MH"},"senderMessageKeys":[]},{"senderKeyId":326992749,"senderChainKey":{"iteration":12,"seed":"BorLIZmRUKzOUdXZ1q0KQCBr8xihNBJSQb2CjqFOlkw="},"senderSigningKey":{"public":"BWiB8ud2coHe3Nlp8Se7raQdKdD+8EmXK+vnYlGQd2MH"},"senderMessageKeys":[]},{"senderKeyId":326992749,"senderChainKey":{"iteration":13,"seed":"tqNag3LAKiSWpFSN+ob1YtGKrUrhCb3D0eotp30vBVI="},"senderSigningKey":{"public":"BWiB8ud2coHe3Nlp8Se7raQdKdD+8EmXK+vnYlGQd2MH"},"senderMessageKeys":[]},{"senderKeyId":326992749,"senderChainKey":{"iteration":14,"seed":"SV9lFjfktc/iWxsXLuacDtBgEn+NTvq+q++zbeuK+HQ="},"senderSigningKey":{"public":"BWiB8ud2coHe3Nlp8Se7raQdKdD+8EmXK+vnYlGQd2MH"},"senderMessageKeys":[]},{"senderKeyId":326992749,"senderChainKey":{"iteration":43,"seed":"Af9OFvWTGST2ruVvn4UzGz3csf81CP1yC0vr2vgd56I="},"senderSigningKey":{"public":"BWiB8ud2coHe3Nlp8Se7raQdKdD+8EmXK+vnYlGQd2MH"},"senderMessageKeys":[]},{"senderKeyId":326992749,"senderChainKey":{"iteration":44,"seed":"NQ8RXzAMNErBzi0vJwPehQBHVdl0FJrMhWtpLv8M690="},"senderSigningKey":{"public":"BWiB8ud2coHe3Nlp8Se7raQdKdD+8EmXK+vnYlGQd2MH"},"senderMessageKeys":[]},{"senderKeyId":326992749,"senderChainKey":{"iteration":45,"seed":"XiDg/HEE4cfQU+Db1Hk431Dyzqy/Y0YTeW7kNg6498I="},"senderSigningKey":{"public":"BWiB8ud2coHe3Nlp8Se7raQdKdD+8EmXK+vnYlGQd2MH"},"senderMessageKeys":[]}]