[{"senderKeyId":1972207163,"senderChainKey":{"iteration":1,"seed":"dsX0FDAvBCcIK8GOGImeORWWv+2e4HUiAtOSTKXPDu8="},"senderSigningKey":{"public":"BXbcMSRidMApzalAgB7l6bhRH2fGzvUvMKLVWwuoBxNm"},"senderMessageKeys":[]},{"senderKeyId":1845005824,"senderChainKey":{"iteration":2,"seed":"kxpk+NaHSLseQRxm7LKdQQSUyhiIWKIF0tSejC+MwVs="},"senderSigningKey":{"public":"BQcgNNDSt9aOairLi72QqNei8zLMEsKgJB0xpAHuKxcG"},"senderMessageKeys":[]},{"senderKeyId":539073192,"senderChainKey":{"iteration":1,"seed":"nSuIn9lAgMagzxyqznWJIYPQxwTAPgRPhlXyfieJdrI="},"senderSigningKey":{"public":"BVOqT9EQXU87f+YcmT7p59Jk/k45E5ok/n28N9iFof5J"},"senderMessageKeys":[]}]