[{"senderKeyId":736464652,"senderChainKey":{"iteration":8,"seed":"A09n+w+Qon7TOYDtQ1rA3ZdiUDDnIHKYqS162XcVDDg="},"senderSigningKey":{"public":"BeA4rGuDVQkbdoHTdU3mLiMvoMQC1cdo8EetuKYsWjkH"},"senderMessageKeys":[]},{"senderKeyId":736464652,"senderChainKey":{"iteration":8,"seed":"A09n+w+Qon7TOYDtQ1rA3ZdiUDDnIHKYqS162XcVDDg="},"senderSigningKey":{"public":"BeA4rGuDVQkbdoHTdU3mLiMvoMQC1cdo8EetuKYsWjkH"},"senderMessageKeys":[]},{"senderKeyId":736464652,"senderChainKey":{"iteration":8,"seed":"A09n+w+Qon7TOYDtQ1rA3ZdiUDDnIHKYqS162XcVDDg="},"senderSigningKey":{"public":"BeA4rGuDVQkbdoHTdU3mLiMvoMQC1cdo8EetuKYsWjkH"},"senderMessageKeys":[]},{"senderKeyId":736464652,"senderChainKey":{"iteration":8,"seed":"A09n+w+Qon7TOYDtQ1rA3ZdiUDDnIHKYqS162XcVDDg="},"senderSigningKey":{"public":"BeA4rGuDVQkbdoHTdU3mLiMvoMQC1cdo8EetuKYsWjkH"},"senderMessageKeys":[]},{"senderKeyId":736464652,"senderChainKey":{"iteration":8,"seed":"A09n+w+Qon7TOYDtQ1rA3ZdiUDDnIHKYqS162XcVDDg="},"senderSigningKey":{"public":"BeA4rGuDVQkbdoHTdU3mLiMvoMQC1cdo8EetuKYsWjkH"},"senderMessageKeys":[]},{"senderKeyId":736464652,"senderChainKey":{"iteration":8,"seed":"A09n+w+Qon7TOYDtQ1rA3ZdiUDDnIHKYqS162XcVDDg="},"senderSigningKey":{"public":"BeA4rGuDVQkbdoHTdU3mLiMvoMQC1cdo8EetuKYsWjkH"},"senderMessageKeys":[]},{"senderKeyId":736464652,"senderChainKey":{"iteration":8,"seed":"A09n+w+Qon7TOYDtQ1rA3ZdiUDDnIHKYqS162XcVDDg="},"senderSigningKey":{"public":"BeA4rGuDVQkbdoHTdU3mLiMvoMQC1cdo8EetuKYsWjkH"},"senderMessageKeys":[]},{"senderKeyId":1862306746,"senderChainKey":{"iteration":7,"seed":"pOl49t+zfhaiY8lk1WpijXO13e/kP+ehjEdMf7O0oeY="},"senderSigningKey":{"public":"Bd7bPXE9q91L+GiXtQOolVS2X8BPdLj1vA070oRqcVhH"},"senderMessageKeys":[]}]