{"_sessions":{"BcazZxuHrDiz33LwJprNwIFSkVBMKC4fboulEIWcdxtA":{"registrationId":881529266,"currentRatchet":{"ephemeralKeyPair":{"pubKey":"BbnTudKbm1Uf8L+GS7t31vnpYi44cragLK5jYWyv8IVy","privKey":"kP1TVAMAYVxdwPUeTNriY/hHOS1D2SJjpch/v7yQ6nI="},"lastRemoteEphemeralKey":"BSBe/9/061XIzFAU+zbvk81/1dG+F+AWDmfGi/AH6HtQ","previousCounter":0,"rootKey":"fzN5Jp830f8a/Jk0Gx1jEQb9G7JwhEiwcgdkUCt5a0A="},"indexInfo":{"baseKey":"BcazZxuHrDiz33LwJprNwIFSkVBMKC4fboulEIWcdxtA","baseKeyType":2,"closed":1691850124820,"used":1691850124301,"created":1691850124301,"remoteIdentityKey":"BauCE9BpY373zvONjeV1/LkN66QQTzDocLsTCoGLGP8m"},"_chains":{"BSBe/9/061XIzFAU+zbvk81/1dG+F+AWDmfGi/AH6HtQ":{"chainKey":{"counter":0,"key":"MpN/+TaEblSbS5QANsi4xiWTt8rEtfCubT5hp4L0aa4="},"chainType":2,"messageKeys":{}},"BbnTudKbm1Uf8L+GS7t31vnpYi44cragLK5jYWyv8IVy":{"chainKey":{"counter":-1,"key":"2XaVQEO9QNJ9lOI4XBIwFq5J5vC7RKe3xoNm4jHylxU="},"chainType":1,"messageKeys":{}}}},"BZS21Bj2V5cochHl8fArcs0YTHI7CKpqtSIHJxlo5SVP":{"registrationId":881529266,"currentRatchet":{"ephemeralKeyPair":{"pubKey":"BXEqzGvcg18lTA4UCNVDUltqGEPKnsbOzTsJM0JV3ncM","privKey":"QDw9d40PvOTAlCtcX6HS4rf7T07hHKbvEEYxvU0Hcko="},"lastRemoteEphemeralKey":"BTso9YP0yKgiGpk59rKWFiZJO6qtlC5farWddkvd3D9Q","previousCounter":0,"rootKey":"AHE486h5muX0lY+6ZmYIrRJ3UwlrSc8gV8DuEWdj/tU="},"indexInfo":{"baseKey":"BZS21Bj2V5cochHl8fArcs0YTHI7CKpqtSIHJxlo5SVP","baseKeyType":2,"closed":1691850125362,"used":1691850124823,"created":1691850124823,"remoteIdentityKey":"BauCE9BpY373zvONjeV1/LkN66QQTzDocLsTCoGLGP8m"},"_chains":{"BTso9YP0yKgiGpk59rKWFiZJO6qtlC5farWddkvd3D9Q":{"chainKey":{"counter":1,"key":"AvPlwm2HTQutrrYrub+3INxNptTdsyVcnbC6M5l3t6U="},"chainType":2,"messageKeys":{}},"BXEqzGvcg18lTA4UCNVDUltqGEPKnsbOzTsJM0JV3ncM":{"chainKey":{"counter":-1,"key":"y817T9VdusFilgpTerQrIC9UKBXv2SmI3VVnTQ5H5r0="},"chainType":1,"messageKeys":{}}}},"BW1zu9+OcwGP63bsqDwgTj+b3yLwDMW9608ReRMFHPp4":{"registrationId":881529266,"currentRatchet":{"ephemeralKeyPair":{"pubKey":"BRTWKN/SIDSL0Ap4PkNsENwZ9e2Uw84BOOCs1P7j85JE","privKey":"4CwWSS2PJYqJo+OJxg3Bu0q4Vcm90OmTPkJXXEW78Us="},"lastRemoteEphemeralKey":"BUQybXQtf/K6T7UdaQTgw60eTpdmttC6lRNPY7NFLlJk","previousCounter":0,"rootKey":"M5Zyq1gaDKTPmDEohHVkREUJt35VblXJHT0GalA4tFw="},"indexInfo":{"baseKey":"BW1zu9+OcwGP63bsqDwgTj+b3yLwDMW9608ReRMFHPp4","baseKeyType":2,"closed":1691850125594,"used":1691850125367,"created":1691850125367,"remoteIdentityKey":"BauCE9BpY373zvONjeV1/LkN66QQTzDocLsTCoGLGP8m"},"_chains":{"BUQybXQtf/K6T7UdaQTgw60eTpdmttC6lRNPY7NFLlJk":{"chainKey":{"counter":0,"key":"X/t91D22hes/QE+93AEGZcK3uwVHqwr1WD4czyWnatk="},"chainType":2,"messageKeys":{}},"BRTWKN/SIDSL0Ap4PkNsENwZ9e2Uw84BOOCs1P7j85JE":{"chainKey":{"counter":-1,"key":"XxlAFcnuD2s8UT51tH4lh2wvG787v0aNORTJVqKQiD4="},"chainType":1,"messageKeys":{}}}},"BYtQxlvVCBW68T2mFbobmp2Aj68LMWJzJl4Ti4fdPhZj":{"registrationId":881529266,"currentRatchet":{"ephemeralKeyPair":{"pubKey":"Be6+QIApP6pifK9nnD5xOPgslyfAmmPqt+BxwN4BpIQW","privKey":"IC+HcgdpNyCN+QFoVlQAyg0gsrNMMTs61PKBiaqdlnI="},"lastRemoteEphemeralKey":"BQVX4sUkOj/6AljopbE/gtWi/vurFCWWDL7pixJWWKV7","previousCounter":0,"rootKey":"seiFl4GVay1lICOM9XXj/hfaER8LpQGydpaD7Rfx5p0="},"indexInfo":{"baseKey":"BYtQxlvVCBW68T2mFbobmp2Aj68LMWJzJl4Ti4fdPhZj","baseKeyType":2,"closed":1691850126021,"used":1691850125598,"created":1691850125598,"remoteIdentityKey":"BauCE9BpY373zvONjeV1/LkN66QQTzDocLsTCoGLGP8m"},"_chains":{"BQVX4sUkOj/6AljopbE/gtWi/vurFCWWDL7pixJWWKV7":{"chainKey":{"counter":0,"key":"wVPl5r2jtNwiQ72MeWGFVTs4HnO7ztttSMMmQA3NfnQ="},"chainType":2,"messageKeys":{}},"Be6+QIApP6pifK9nnD5xOPgslyfAmmPqt+BxwN4BpIQW":{"chainKey":{"counter":-1,"key":"1XMHTSzGQXyyQ6AVK3e96UP/7xMs8vYcM3l/fnZk2mA="},"chainType":1,"messageKeys":{}}}},"BcpsNzSNhq8AD1DlucMb8dhuklJF1HDdEkXmcKrHseVd":{"registrationId":881529266,"currentRatchet":{"ephemeralKeyPair":{"pubKey":"BaV+qTbP8kLobJTPCCaYJB8XRWeCZrUPDjAFmCt3LSRe","privKey":"gEtTp3HyBFELcv9CikB7JFF1Aq+BF/wpE4FEhjJwDUc="},"lastRemoteEphemeralKey":"BfF0IbFUhDgH733BfsZcdacPxojOuYyEr5mFc7kKL1s4","previousCounter":0,"rootKey":"xX2x5tlMwx56f1MaANfoeYHKdHcMaZC3NJFn26jB8mA="},"indexInfo":{"baseKey":"BcpsNzSNhq8AD1DlucMb8dhuklJF1HDdEkXmcKrHseVd","baseKeyType":2,"closed":1691850126296,"used":1691850126028,"created":1691850126028,"remoteIdentityKey":"BauCE9BpY373zvONjeV1/LkN66QQTzDocLsTCoGLGP8m"},"_chains":{"BfF0IbFUhDgH733BfsZcdacPxojOuYyEr5mFc7kKL1s4":{"chainKey":{"counter":0,"key":"bDI2cdCShDDeTmWx6DGy//o7Aq6tbo4/u3rFyKiU4VU="},"chainType":2,"messageKeys":{}},"BaV+qTbP8kLobJTPCCaYJB8XRWeCZrUPDjAFmCt3LSRe":{"chainKey":{"counter":-1,"key":"Y23Zx+ph5rWw3R+h6nqCnCwhMSCZP63bJ6rYS253s/I="},"chainType":1,"messageKeys":{}}}},"BZhK8mGotGEQH/7OfyEfGRa9+cOARO+CcTeAmdVs6NZk":{"registrationId":881529266,"currentRatchet":{"ephemeralKeyPair":{"pubKey":"BYpcJlvZe/Ktervuva6gD/J6a7GK394cjQY8oZ7A6is0","privKey":"eFwQEOJIai4ODLBJ+JHBDMzsa8mPeAbpfqr0FoZr+lY="},"lastRemoteEphemeralKey":"Ba29Sj3EYHLKkwijJ6RVGXeM1dCasF/ECYcDDP9MLL5G","previousCounter":0,"rootKey":"B+cKvoG8kOKn5H6nOQ4FizDnINtXavs6Q7X+0O49+fs="},"indexInfo":{"baseKey":"BZhK8mGotGEQH/7OfyEfGRa9+cOARO+CcTeAmdVs6NZk","baseKeyType":2,"closed":1691850126551,"used":1691850126303,"created":1691850126303,"remoteIdentityKey":"BauCE9BpY373zvONjeV1/LkN66QQTzDocLsTCoGLGP8m"},"_chains":{"Ba29Sj3EYHLKkwijJ6RVGXeM1dCasF/ECYcDDP9MLL5G":{"chainKey":{"counter":0,"key":"+/kL5mX+vNGlS8L8cFjxXqF0dSTibzaMTtRyz8jRcps="},"chainType":2,"messageKeys":{}},"BYpcJlvZe/Ktervuva6gD/J6a7GK394cjQY8oZ7A6is0":{"chainKey":{"counter":-1,"key":"+hMPskgosN3YCGu+8jYbPSjbSJIQQKERjBsmhW8Z+tg="},"chainType":1,"messageKeys":{}}}},"Bfmv6GTEI3smkeoZTSCkiubuAVn2XgCv2tkpGp/jsc1z":{"registrationId":881529266,"currentRatchet":{"ephemeralKeyPair":{"pubKey":"BQrGcAJN1iawYuUKAjpuF5g6+Y1je4KIR6nSDQKA8ug4","privKey":"qHbXjF3HVD0/norQhwPVVrvzfJgPZSCaHXdPAypCoXg="},"lastRemoteEphemeralKey":"BUWnwKtMORhUy/X4jf+Rmq2xmhslqRBd4tF8tAjJDHxe","previousCounter":0,"rootKey":"Y8CB98nDjZSvqmS5LDyFM8cdgnv33aR7uZywRapheag="},"indexInfo":{"baseKey":"Bfmv6GTEI3smkeoZTSCkiubuAVn2XgCv2tkpGp/jsc1z","baseKeyType":2,"closed":-1,"used":1691850126557,"created":1691850126557,"remoteIdentityKey":"BauCE9BpY373zvONjeV1/LkN66QQTzDocLsTCoGLGP8m"},"_chains":{"BUWnwKtMORhUy/X4jf+Rmq2xmhslqRBd4tF8tAjJDHxe":{"chainKey":{"counter":1,"key":"i0Q4e0WITnuhEQDosVkzGbeRAfocGXehBiM5nO4EYro="},"chainType":2,"messageKeys":{}},"BQrGcAJN1iawYuUKAjpuF5g6+Y1je4KIR6nSDQKA8ug4":{"chainKey":{"counter":-1,"key":"vmhFHGXUabt60CCUpulN16Ig3jiSAeoBm8WAc4kIss0="},"chainType":1,"messageKeys":{}}}}},"version":"v1"}