{"_sessions":{"BUtImMCjT8sa/4mqfl6R4I8gKcEim3lsaVq2BW9Ce1sm":{"registrationId":1768619,"currentRatchet":{"ephemeralKeyPair":{"pubKey":"BajEzpA6CiGIrj8MunL3OkGQtiYEViiQJ+xMd5JwmyZv","privKey":"mJrOWbu5CSV0LiPIrIJHhL/x35syR5jQSQEKwzLj83U="},"lastRemoteEphemeralKey":"BdcY9H3yzSxDRtUeXgUJTbcZUDLVSciZ4O5PtmJ+d4Ab","previousCounter":0,"rootKey":"zh1yFIETnkQwXT1xHRorYueZVyrT7XKabPfgVU1pNw0="},"indexInfo":{"baseKey":"BUtImMCjT8sa/4mqfl6R4I8gKcEim3lsaVq2BW9Ce1sm","baseKeyType":2,"closed":-1,"used":1691857880976,"created":1691539401356,"remoteIdentityKey":"BWdLAv37KgZE8poGJrkpzS466EtrcOW1mqGVmlG+WmpX"},"_chains":{"BW2G7zFbDK5W9nrcaLCB4ay/rrXpTZK4r/7tGhs3aN1O":{"chainKey":{"counter":7},"chainType":2,"messageKeys":{}},"BdykMHByTY1+dNkwWtAz32XtBvZQXwtbrhuQkRK+9kwV":{"chainKey":{"counter":16},"chainType":2,"messageKeys":{"7":"vJ7j0rdkWtccMZ4/pVQSF6hVG5UI8T9uTYbNMvZtKyY=","8":"7SXMp7wejY9ASTERy8b4ZIuXCEVC0PQmhHyx7XT8m2g=","9":"e/Ma70wRODgleY2EHv+j4UTN4SyqTt2nOqTltzgKnh8=","10":"m+YAZPaDceUMjmZquHBy3ErKsyvPnMo6lTPtF2Fw1Kg=","11":"JwU8VKTWK4Lypw/lNgQ9U7Eq0RFJndxrf2727qm/4Ec=","12":"soEC7KVbyj6nROaxEN8zk4h7JnPCk7RVx6idXHZGfmk=","13":"J6wx7Z6WZCi1jomLeESqn/qoWweg07kDCi7F+Q/Eo5w=","14":"URUXYLYfj6n9yDWBoG8f5Y/ThUl2dz9TwjHd5DlZ5+s=","15":"DTIOLvzwoiZUWY2q4io73H8wIaCMG6A9rPt3jqoBlHs="}},"BZKsBsKDvPxIfh55AgcU2zBuH9OaNYJnhUkw9H/PQUI+":{"chainKey":{"counter":1},"chainType":2,"messageKeys":{}},"BQ4UuoK2NvtDJGmDcOlYgLBd7p51Rfc2lFvv6j/0PW4N":{"chainKey":{"counter":223},"chainType":2,"messageKeys":{"4":"c9OmA266gSul3TwNBIRyilYtCetLCJq6CYlnfk8pFag=","5":"y+Vv6yrPRAhNd0H3qHUAAYHmJLzTp8s1lzCnyNERzIY=","6":"oFJLjZkbrOLium+ZkelIf5vkJh34AZ5YO59NDZVceZc=","7":"LvQFWsOZHH5ehEAWSdhjKuoEZjyB4fTbWp9LfRB+xFY=","8":"eMPbbbjURwE5Too71AYgj1IbJVGBkppyk/89fGserVw=","38":"tTAm8NVnwFWxhXYkHGYuDYAHyasGXn1ZnKaxh7Z6l9k="}},"BSd/UsQPHb/c5IthNmpi8A+ZtEI26Ya3KzY/ySHYVBMe":{"chainKey":{"counter":3},"chainType":2,"messageKeys":{}},"Bet00YuCc9xcnJnpGTJeVTtCCa0xlJJcSRC3Z++gEIYs":{"chainKey":{"counter":3},"chainType":2,"messageKeys":{}},"BejYdRzNE/+B+mEDoUoGsWvlXiPOM0gqm0dKAlxCilhx":{"chainKey":{"counter":0},"chainType":2,"messageKeys":{}},"BRPH5miKQAPSB720xMfD7MHKYdTz+H3Pd3Vwj26PrVlQ":{"chainKey":{"counter":1},"chainType":2,"messageKeys":{}},"BRwTEiS9vHOniROTqdPX0Z63xrlWQuCreB4MGDhVF3Yr":{"chainKey":{"counter":9},"chainType":2,"messageKeys":{}},"BUV3bpT7+/zs/Zb8ktNITIAmkiD7xdC5fOVY+vgSAxtf":{"chainKey":{"counter":2},"chainType":2,"messageKeys":{}},"BZ70NM00fOu+THTC55fryJaZ91gBySnmRNTFSDBx2Y8V":{"chainKey":{"counter":9},"chainType":2,"messageKeys":{}},"BdcY9H3yzSxDRtUeXgUJTbcZUDLVSciZ4O5PtmJ+d4Ab":{"chainKey":{"counter":60,"key":"O45+7AonMCCR+U4fcPR5J2nVB5+FqPu4oDmUedVBEMc="},"chainType":2,"messageKeys":{}},"BajEzpA6CiGIrj8MunL3OkGQtiYEViiQJ+xMd5JwmyZv":{"chainKey":{"counter":0,"key":"CSwxzxbTzXKXPvjOVfJhotkf10SaFk/5bzaw7RZ1Mb0="},"chainType":1,"messageKeys":{}}}}},"version":"v1"}