{"_sessions":{"BUXhj1pCpITDe7zXOhNFngFnYR/V7bj3c+Fy94RRQnU2":{"registrationId":733150905,"currentRatchet":{"ephemeralKeyPair":{"pubKey":"BckdotRHVp3Dg02T2V6u2yMH6SwtmABb7+AXETtuff4t","privKey":"KDwFN5w1yl4D+legnTMkvQtFSX92MInJqtOhrhUPTkA="},"lastRemoteEphemeralKey":"BV4MkXYG8+KG5cQNNvRi9SeO/fSsD8k3nhdl+AKYbRwx","previousCounter":0,"rootKey":"lVfB76dxXOwCjO9bl1mVYciKEgnwLP7oJGUa9sLhoA8="},"indexInfo":{"baseKey":"BUXhj1pCpITDe7zXOhNFngFnYR/V7bj3c+Fy94RRQnU2","baseKeyType":2,"closed":-1,"used":1691634140113,"created":1691634140113,"remoteIdentityKey":"BSn0K7TxcUFR79B7H/qQU2mGeGL80qlqU+YA/aZuK2ht"},"_chains":{"BV4MkXYG8+KG5cQNNvRi9SeO/fSsD8k3nhdl+AKYbRwx":{"chainKey":{"counter":0,"key":"dkK+NGcb3HvOGl2fDjxm5fPqS6xx67lzyq2xirfpeec="},"chainType":2,"messageKeys":{}},"BckdotRHVp3Dg02T2V6u2yMH6SwtmABb7+AXETtuff4t":{"chainKey":{"counter":-1,"key":"gUC2iwD4jp9BrZY1RaVD9+gtX3mV926Rcsd3Fa+Syb8="},"chainType":1,"messageKeys":{}}}}},"version":"v1"}