{"_sessions":{"BfZYN/kz+NB0+ezpmvIVo1+eQaWIxQmfNaW+MUdavF4e":{"registrationId":811204621,"currentRatchet":{"ephemeralKeyPair":{"pubKey":"BerIcIYEr1BAxVAXRUeyIopiz2lwbPM2m5uVr19+wg9Z","privKey":"cPuBnS9DAQ2/EmgFxbz11cq9WMuLqzBWXjC108Zn9EA="},"lastRemoteEphemeralKey":"BSI12iuwq6eiF8FflqpuB3/sB+3BHHJx6+YYlRWtj6ZC","previousCounter":0,"rootKey":"lkxp7QkxbYXIx3CrBO8RkhVm+z1t7EHaSYRnodfDI08="},"indexInfo":{"baseKey":"BfZYN/kz+NB0+ezpmvIVo1+eQaWIxQmfNaW+MUdavF4e","baseKeyType":1,"closed":-1,"used":1691858205257,"created":1691858205257,"remoteIdentityKey":"BYdPoknbs6B33LdafV0L4VTwqMo1j0sbhUzCu1E7iMIk"},"_chains":{"BerIcIYEr1BAxVAXRUeyIopiz2lwbPM2m5uVr19+wg9Z":{"chainKey":{"counter":0,"key":"yc7yUlOeZyFuIqrATPv8lWOlFShHhDRdAPx2ZEZN7TM="},"chainType":1,"messageKeys":{}}},"pendingPreKey":{"signedKeyId":1,"baseKey":"BfZYN/kz+NB0+ezpmvIVo1+eQaWIxQmfNaW+MUdavF4e","preKeyId":1337682}}},"version":"v1"}