{"_sessions":{"BS8Boe1+gcNSH4MrZHpB5wT8PpBxDu8BXXNvXpSRtWM2":{"registrationId":1826258974,"currentRatchet":{"ephemeralKeyPair":{"pubKey":"BQ2RHB+6Cdgrbcm6O+qkyQeEskLht+sVVMqS7h0c3nF+","privKey":"WBYDxHytcRrepUxYLW1a4RYkgchGQxfjxabb+4j48l4="},"lastRemoteEphemeralKey":"BbbgS8Xlz9z/zePmxXinQHMSM/kOC3hmOHPsQQCLY5Jt","previousCounter":0,"rootKey":"5jm8DitNSZHkXjAkgCANVLhbc5uFGiJctKYZq5pK28k="},"indexInfo":{"baseKey":"BS8Boe1+gcNSH4MrZHpB5wT8PpBxDu8BXXNvXpSRtWM2","baseKeyType":2,"closed":-1,"used":1691856193161,"created":1691856193161,"remoteIdentityKey":"BWRaFCk8KC/Xh+g5xlDWrVMr1IZdtG4vuzaRd1kq6FpN"},"_chains":{"BbbgS8Xlz9z/zePmxXinQHMSM/kOC3hmOHPsQQCLY5Jt":{"chainKey":{"counter":1,"key":"vAsm4fUfXEXyIHpNF0gt0WAQ2KvTGtWrGzxeI/10xsk="},"chainType":2,"messageKeys":{}},"BQ2RHB+6Cdgrbcm6O+qkyQeEskLht+sVVMqS7h0c3nF+":{"chainKey":{"counter":0,"key":"X3dZCPXgSeGF3WhJMMw/Gc+e8CSSHjPMJWcTu40bW+A="},"chainType":1,"messageKeys":{}}}}},"version":"v1"}