{"_sessions":{"BWPI6hm25bPnWwFB214pZYpFGSF6lhKmjit9+xBQjD02":{"registrationId":708555248,"currentRatchet":{"ephemeralKeyPair":{"pubKey":"BUlXQWT6DvypLgQJwcJ90gqIVFwS97OYQ+jWz88WWzB9","privKey":"oK6JPxMgO50SWERPmDGpJTaOU6irFQfM5a9gf6y7mX0="},"lastRemoteEphemeralKey":"BXpjAeLoRxfqp+tZKeRspC56MBovIp2BAsCUfC/VqXJX","previousCounter":0,"rootKey":"e4BTxv83EA4IaEXEQ4vHbDQJoNLvmYPDQC1QO2v+n4k="},"indexInfo":{"baseKey":"BWPI6hm25bPnWwFB214pZYpFGSF6lhKmjit9+xBQjD02","baseKeyType":1,"closed":-1,"used":1691858205293,"created":1691858205293,"remoteIdentityKey":"BUSGdPGPawA69xP3AVLdpTTtzuQ7bARaIaBIBvFK2L0W"},"_chains":{"BUlXQWT6DvypLgQJwcJ90gqIVFwS97OYQ+jWz88WWzB9":{"chainKey":{"counter":0,"key":"zOxalzT8Gr5mJZafn5MR3LZ7LxgS4NNac9M7BC+iqRA="},"chainType":1,"messageKeys":{}}},"pendingPreKey":{"signedKeyId":0,"baseKey":"BWPI6hm25bPnWwFB214pZYpFGSF6lhKmjit9+xBQjD02","preKeyId":14181166}}},"version":"v1"}