{"_sessions":{"BdgpOBl7IsFmc93RVkOn4gZ1r1VcTN4Z3VV6QuSugzZV":{"registrationId":1836361111,"currentRatchet":{"ephemeralKeyPair":{"pubKey":"BSBaqwXuB1/XcosHakzHPqf/2+cTUqtSei2c0L4N0LR5","privKey":"8Jf/66YltUKb7oq8jsol5I0j3DHbOqcQwmiYc5aQ9lM="},"lastRemoteEphemeralKey":"BaGhlQoczGSp9Q4NDrnWOovKF1sgq4jC78gT8sjxOlxg","previousCounter":0,"rootKey":"OWGXgvuXzrdtQdmiM5LxL/oPHtOVgPU3lvCHbEj7qio="},"indexInfo":{"baseKey":"BdgpOBl7IsFmc93RVkOn4gZ1r1VcTN4Z3VV6QuSugzZV","baseKeyType":1,"closed":-1,"used":1691858205264,"created":1691858205264,"remoteIdentityKey":"BSuoyaAvN9N8ZJAonUDrjn6czLMvTfS4yoyOHLIjkbdy"},"_chains":{"BSBaqwXuB1/XcosHakzHPqf/2+cTUqtSei2c0L4N0LR5":{"chainKey":{"counter":0,"key":"dKxZUzCZ7JnQ7v75nyq6n6SpXFF4SiF/nh+UPSxiisc="},"chainType":1,"messageKeys":{}}},"pendingPreKey":{"signedKeyId":1,"baseKey":"BdgpOBl7IsFmc93RVkOn4gZ1r1VcTN4Z3VV6QuSugzZV","preKeyId":7611699}}},"version":"v1"}