{"_sessions":{"BXhe3kVdpen3ZAz/3F6uIDifWP2l2d8uaWMa39CveGki":{"registrationId":1686987220,"currentRatchet":{"ephemeralKeyPair":{"pubKey":"Bd3xLZeD865I32RbUTszqlbiJ5r+deBK2UDSfrAZHucI","privKey":"6Hu05Sozpmj+BYWdUvpSC3PyG5/q80zp1cj1bC3r3Hw="},"lastRemoteEphemeralKey":"BQN0BUJ9A/EWeT3KL5X+CxKmBPHYWlJC94u+moTXvRxH","previousCounter":0,"rootKey":"IQsFUpYvoe5sS7RYiu6m70JYF4Us1YTH0Y5JYU6bd4E="},"indexInfo":{"baseKey":"BXhe3kVdpen3ZAz/3F6uIDifWP2l2d8uaWMa39CveGki","baseKeyType":2,"closed":-1,"used":1691857346543,"created":1691857346543,"remoteIdentityKey":"BR9D0Squ+DIoui2WE8v0ob4aD/rP2kV9yvlGBtTa3JV1"},"_chains":{"BQN0BUJ9A/EWeT3KL5X+CxKmBPHYWlJC94u+moTXvRxH":{"chainKey":{"counter":0,"key":"MfCegiLZuUohXzgMt56KowMKO+AXJ04czFITIHqT7M4="},"chainType":2,"messageKeys":{}},"Bd3xLZeD865I32RbUTszqlbiJ5r+deBK2UDSfrAZHucI":{"chainKey":{"counter":0,"key":"liM84ClFqsp1z0rcr3P7kXdfcSpUsobLPKItD4wjGtc="},"chainType":1,"messageKeys":{}}}}},"version":"v1"}