{"_sessions":{"BchwZS4uGmlUxKcK4puUADqDlGfQbp/ayGMgf/+EcRND":{"registrationId":75462236,"currentRatchet":{"ephemeralKeyPair":{"pubKey":"BVfyVOCbqcyAmjJi0DTrVH1aadEMsl5sUIksy8yaD+Au","privKey":"SLZl1OGohLFTFCyPWzUEk5KHqStMuSflvOqKjgjoM2E="},"lastRemoteEphemeralKey":"BZU1pnLZHOGA5u3uh93Kugd96ZPSI4Wx7LVJei2yLXJo","previousCounter":0,"rootKey":"+I3I9/tow8CWN5JpOfy4x6PJViOXocROv/SyW2shYL0="},"indexInfo":{"baseKey":"BchwZS4uGmlUxKcK4puUADqDlGfQbp/ayGMgf/+EcRND","baseKeyType":2,"closed":-1,"used":1691634140273,"created":1691634140273,"remoteIdentityKey":"BY3Pux4P66YmFktEMPc5sehzXdrJQ86cY0Ml1bYVE2x8"},"_chains":{"BZU1pnLZHOGA5u3uh93Kugd96ZPSI4Wx7LVJei2yLXJo":{"chainKey":{"counter":21,"key":"SKXZ2Qmf4pxsJi0X/CCTIb37H5DmoGenBbjRT2PHQmg="},"chainType":2,"messageKeys":{}},"BVfyVOCbqcyAmjJi0DTrVH1aadEMsl5sUIksy8yaD+Au":{"chainKey":{"counter":-1,"key":"3o144P6KRUvu52BPr6ZHPScVEIf/CsRqUkrEj8yYdk0="},"chainType":1,"messageKeys":{}}}}},"version":"v1"}