{"_sessions":{"BVxz81HlwzpWXTtThyn1ijmrIopS28inEA+x0ngycxhr":{"registrationId":1952715648,"currentRatchet":{"ephemeralKeyPair":{"pubKey":"Bd/F8eE+vxiQMSpOMk2KM+3YaOhrmV6oZKRU0BGZvrI7","privKey":"oEnGTt4qUpJZgrdj8edE94sQpZlzbKz5vV5qUUkG7E4="},"lastRemoteEphemeralKey":"BYCTIi8KxMWjXc+IvTzjvioWziQU/E75AJEuaye/9EE4","previousCounter":0,"rootKey":"EmCKof3SQWVrBD+ay5ZLE+E+X+wO2olz5RsPG2Y0d5A="},"indexInfo":{"baseKey":"BVxz81HlwzpWXTtThyn1ijmrIopS28inEA+x0ngycxhr","baseKeyType":2,"closed":-1,"used":1691670752499,"created":1691670752499,"remoteIdentityKey":"BeK5bd/faT4fr7MS7pWBsSgARN5Brm5pHVQ/2YoAoVwQ"},"_chains":{"BYCTIi8KxMWjXc+IvTzjvioWziQU/E75AJEuaye/9EE4":{"chainKey":{"counter":0,"key":"wKRVylmeSrfuTPK9k0TzAopMJoZ8leLhHFfFE/vNE7w="},"chainType":2,"messageKeys":{}},"Bd/F8eE+vxiQMSpOMk2KM+3YaOhrmV6oZKRU0BGZvrI7":{"chainKey":{"counter":-1,"key":"ZZq+Ie4LJU/bJUxnGtvEBYIYLO4P3indfCCCtgtrteU="},"chainType":1,"messageKeys":{}}}}},"version":"v1"}