{"_sessions":{"BQtd7HrFfwW93znGUrAsxoF+FQJB4WOer6lDQe0Xw2ES":{"registrationId":214260183,"currentRatchet":{"ephemeralKeyPair":{"pubKey":"Bf/U8+vBZ8D2Qv+S+j3wc8dDorFVK0dLhbz9iQPNeHl0","privKey":"oC+uR53WVxXWzX+6G4KMxl9ekH4Tw9j9FBRDNp0Ct0c="},"lastRemoteEphemeralKey":"BR3AUGdenQQ4UaXBltCMYFa6BrhtErWIPYogzF/Myfg2","previousCounter":0,"rootKey":"+ZBTR1Yd06VRajvn4yTlSWHmNtsmUIrMJrLdHoeqSsA="},"indexInfo":{"baseKey":"BQtd7HrFfwW93znGUrAsxoF+FQJB4WOer6lDQe0Xw2ES","baseKeyType":1,"closed":-1,"used":1691858205383,"created":1691858205383,"remoteIdentityKey":"BR37a7McD/GiTLP85wuo9RcG4zIzjT6kpdPIXOazBgcU"},"_chains":{"Bf/U8+vBZ8D2Qv+S+j3wc8dDorFVK0dLhbz9iQPNeHl0":{"chainKey":{"counter":0,"key":"/waci6+4JAQxmry1MrDgXooJhn3FhDD8+gAboqjBc40="},"chainType":1,"messageKeys":{}}},"pendingPreKey":{"signedKeyId":0,"baseKey":"BQtd7HrFfwW93znGUrAsxoF+FQJB4WOer6lDQe0Xw2ES","preKeyId":11284165}}},"version":"v1"}