{"_sessions":{"BSjgxgQ2ZUkcZvlf3b+acaNE63VB9i68FLZ8+SxKl0tX":{"registrationId":1131493847,"currentRatchet":{"ephemeralKeyPair":{"pubKey":"BYg9PEgEVuOrsBHc1DeY1Vdzh+Isp4KPZi9qIjQzeyJh","privKey":"ULg2JCNRgsvEZQlGNYTwdSokxcaPGv5yKgUd0T6qXWs="},"lastRemoteEphemeralKey":"BTG8tx7hTbB/TDvkAXWxTRi4PUqtgpQv0kJvNa2RSFEw","previousCounter":0,"rootKey":"yRIibliC0My1Ctv4DRkHd57FJP7UAjq9D5jglDv8Obk="},"indexInfo":{"baseKey":"BSjgxgQ2ZUkcZvlf3b+acaNE63VB9i68FLZ8+SxKl0tX","baseKeyType":1,"closed":-1,"used":1691858205346,"created":1691858205346,"remoteIdentityKey":"BZZ+0l55/xlUx48aHCE8Fp+rzn8OILRq7xuLLr1wpTsh"},"_chains":{"BYg9PEgEVuOrsBHc1DeY1Vdzh+Isp4KPZi9qIjQzeyJh":{"chainKey":{"counter":0,"key":"WId0xwT9kG7lFccCZwk0u6nOOvo+jGlCnHKROnI0wwA="},"chainType":1,"messageKeys":{}}},"pendingPreKey":{"signedKeyId":0,"baseKey":"BSjgxgQ2ZUkcZvlf3b+acaNE63VB9i68FLZ8+SxKl0tX","preKeyId":917297}}},"version":"v1"}