{"_sessions":{"BUzLbOIMz6rvaTYHQJixo/wtiOnQ8SdJ/M/Rk0kgb4xR":{"registrationId":1854164655,"currentRatchet":{"ephemeralKeyPair":{"pubKey":"Ba+7dGrzBotxH5TbX1ooZkqTIjj32RvzpviIfbubqNUk","privKey":"EJKM0SiNaczlsFKFJcoxFP8E3Pykd2+ELWEqdt9KPVA="},"lastRemoteEphemeralKey":"BSMedGXSF59JtnHt1LaTXC/FpYpUelRy8Bcy39aw4Ih/","previousCounter":0,"rootKey":"tRqZWUNuJXanau4I+A7TsxHBAlXFq4K7a0usvLApk3s="},"indexInfo":{"baseKey":"BUzLbOIMz6rvaTYHQJixo/wtiOnQ8SdJ/M/Rk0kgb4xR","baseKeyType":2,"closed":1691850094099,"used":1691850093754,"created":1691850093754,"remoteIdentityKey":"Bd5e1Bw15mprfxxooWBZJY9DlVaeMDLkRbpU8kyP0SRI"},"_chains":{"BSMedGXSF59JtnHt1LaTXC/FpYpUelRy8Bcy39aw4Ih/":{"chainKey":{"counter":0,"key":"gYNnJlgL9PX+xPWZzLV1MXSCJKpl6DLRyRJ6nN/OfNI="},"chainType":2,"messageKeys":{}},"Ba+7dGrzBotxH5TbX1ooZkqTIjj32RvzpviIfbubqNUk":{"chainKey":{"counter":-1,"key":"lpYuMPxqS3kERcZ6xXgXfNw5lJyNMQixmaIAPNo1Eyw="},"chainType":1,"messageKeys":{}}}},"BbDPLJ6OwK4hEuxI1RxemrSonz3WlBo41/fHimsg7Sd0":{"registrationId":1854164655,"currentRatchet":{"ephemeralKeyPair":{"pubKey":"BV2ZWesWLTB6oRFoUFC/k6EGzHJeVi/FmZU+ptha+lNQ","privKey":"cOpyKlHY8jRNw9lx1MsRV8b9PVlbIceunBG6uCWv730="},"lastRemoteEphemeralKey":"BRmjQhnCl1sPS9eYDngLxk0wimqdCzRC/y6iST+JENwe","previousCounter":0,"rootKey":"TgfCZhkn4AMJHzgCxVArPkfkNqJM53TI+V6hMy0QzVg="},"indexInfo":{"baseKey":"BbDPLJ6OwK4hEuxI1RxemrSonz3WlBo41/fHimsg7Sd0","baseKeyType":2,"closed":1691850094420,"used":1691850094109,"created":1691850094109,"remoteIdentityKey":"Bd5e1Bw15mprfxxooWBZJY9DlVaeMDLkRbpU8kyP0SRI"},"_chains":{"BRmjQhnCl1sPS9eYDngLxk0wimqdCzRC/y6iST+JENwe":{"chainKey":{"counter":0,"key":"aTovz6Kv16AT2w5ELfK0KOWAYs7Jy4Gqx9AQVA6EaeI="},"chainType":2,"messageKeys":{}},"BV2ZWesWLTB6oRFoUFC/k6EGzHJeVi/FmZU+ptha+lNQ":{"chainKey":{"counter":2,"key":"Ccyznp89xZ1pgAplucWqQKxlFrPXCdRkX6vm3y+qDzI="},"chainType":1,"messageKeys":{}}}},"BT7Sh4GzfNZVDLK05NjL5e+tN2CzY4IVZs5OS0oQ33JV":{"registrationId":1854164655,"currentRatchet":{"ephemeralKeyPair":{"pubKey":"BZPw4AoRdD4RCMbdY0yh6+5pwIDOvFEplLYAZwTdJeF4","privKey":"aJpnIo0+l5YRjzUk59pLjbqr47D9uqfC3Q+7k82va3Q="},"lastRemoteEphemeralKey":"BTXhIfiy8c6GljrCwWnVFIv4wa5/NurmSdKbFBRoPhgE","previousCounter":0,"rootKey":"ScyZ8uLHW60OKonPnOXosBFNtNlKr0ul4id1NMuQpbw="},"indexInfo":{"baseKey":"BT7Sh4GzfNZVDLK05NjL5e+tN2CzY4IVZs5OS0oQ33JV","baseKeyType":2,"closed":1691850094759,"used":1691850095105,"created":1691850094427,"remoteIdentityKey":"Bd5e1Bw15mprfxxooWBZJY9DlVaeMDLkRbpU8kyP0SRI"},"_chains":{"BeEyjQWoiu9w+zPb3YBxC8JCH/coEazIUfuVXGGIZAhP":{"chainKey":{"counter":0},"chainType":2,"messageKeys":{}},"BTXhIfiy8c6GljrCwWnVFIv4wa5/NurmSdKbFBRoPhgE":{"chainKey":{"counter":0,"key":"KTZRZRBDPVTnv7+aPq+zvz993aIzonGINCx8JGCWjG0="},"chainType":2,"messageKeys":{}},"BZPw4AoRdD4RCMbdY0yh6+5pwIDOvFEplLYAZwTdJeF4":{"chainKey":{"counter":-1,"key":"FP7vF+M98wKHhbPi3M9t8Lfd14blGirOupMEGoyaaPc="},"chainType":1,"messageKeys":{}}}},"BaVbRk98V/xfR9iPNldZHgq8fpoGNraxEQcXsSeRdPRL":{"registrationId":1854164655,"currentRatchet":{"ephemeralKeyPair":{"pubKey":"Bb8cs5o7J4NE3y0VBoOijNTh129i5t74KB/hZt49cDxB","privKey":"2CuPT1G3Un5QZ3/cS9XDcp9xtj9EKgmmpzVuLa31Olw="},"lastRemoteEphemeralKey":"BTXhIfiy8c6GljrCwWnVFIv4wa5/NurmSdKbFBRoPhgE","previousCounter":-1,"rootKey":"Vt1ypTIdj9nCTYp7Qt1jzWjn0+DZSMJbLa5r8crfJw8="},"indexInfo":{"baseKey":"BaVbRk98V/xfR9iPNldZHgq8fpoGNraxEQcXsSeRdPRL","baseKeyType":2,"closed":1691850096438,"used":1691850094769,"created":1691850094769,"remoteIdentityKey":"Bd5e1Bw15mprfxxooWBZJY9DlVaeMDLkRbpU8kyP0SRI"},"_chains":{"BTgIshlYe5fy7dbdew6pySaw12/XKNpAetjVltFWY81L":{"chainKey":{"counter":0},"chainType":2,"messageKeys":{}},"BTXhIfiy8c6GljrCwWnVFIv4wa5/NurmSdKbFBRoPhgE":{"chainKey":{"counter":0,"key":"mncOPTOvXzOYBPHZGCRs3uVQnzKMK1tbzXl/JSlTv+M="},"chainType":2,"messageKeys":{}},"Bb8cs5o7J4NE3y0VBoOijNTh129i5t74KB/hZt49cDxB":{"chainKey":{"counter":-1,"key":"rE4To5JFGiPMQm+ELuuhHN8vSKtbeMprn0Fh43TqljA="},"chainType":1,"messageKeys":{}}}},"BSCkYbJ1yqykmmY39dPsqCX6zLXqzpSDiMmCFTzJH8pf":{"registrationId":1854164655,"currentRatchet":{"ephemeralKeyPair":{"pubKey":"BVZcxDvztFOCfVVRyecl3C4P6Te2QUIsbZJFrgkB/mZp","privKey":"4NLR1q3tHB6Y+5hVYZm7hEQt3DSv3ikV4NPkVpEZMHs="},"lastRemoteEphemeralKey":"BcEjcgM60ifG/ai+5EIPhltodyBwiWqtqnu939/2nUYt","previousCounter":0,"rootKey":"rE9MaNtya4FMjydWhgxF9/yssf6ULWpmIkdBZR+hnIw="},"indexInfo":{"baseKey":"BSCkYbJ1yqykmmY39dPsqCX6zLXqzpSDiMmCFTzJH8pf","baseKeyType":2,"closed":1691850096608,"used":1691850096453,"created":1691850096453,"remoteIdentityKey":"Bd5e1Bw15mprfxxooWBZJY9DlVaeMDLkRbpU8kyP0SRI"},"_chains":{"BcEjcgM60ifG/ai+5EIPhltodyBwiWqtqnu939/2nUYt":{"chainKey":{"counter":0,"key":"OQux8PWF05SsN/ls0NLWJRbWVZ1NpZXpN3rK0r4aWrM="},"chainType":2,"messageKeys":{}},"BVZcxDvztFOCfVVRyecl3C4P6Te2QUIsbZJFrgkB/mZp":{"chainKey":{"counter":-1,"key":"D7OJpuIK9+UrhAuz4uOpaRJ4cARIBtDMfmL7bBeCho0="},"chainType":1,"messageKeys":{}}}},"BR7bB2ixYOLH1MtOsftexF8bY3Ckm6QPtXNadsUUyP4q":{"registrationId":1854164655,"currentRatchet":{"ephemeralKeyPair":{"pubKey":"BXJMDwph+q0R+UdgDs4Z6AgMORVpvpBfeE3qRNKQ63Es","privKey":"+GdkL7Nk32PUSCGCoOsxDl8O42GIx/VL9fMAyzEOy0M="},"lastRemoteEphemeralKey":"BeDo2gz5EePibj4JRlp6jYrNvKf2VDa8naXE8bIVNQIV","previousCounter":0,"rootKey":"ip+DjSjGC5Aa5+VhFxfcIxGw6Hr8mq9t+g0AZTQ9Boc="},"indexInfo":{"baseKey":"BR7bB2ixYOLH1MtOsftexF8bY3Ckm6QPtXNadsUUyP4q","baseKeyType":2,"closed":1691850097200,"used":1691850096626,"created":1691850096626,"remoteIdentityKey":"Bd5e1Bw15mprfxxooWBZJY9DlVaeMDLkRbpU8kyP0SRI"},"_chains":{"BeDo2gz5EePibj4JRlp6jYrNvKf2VDa8naXE8bIVNQIV":{"chainKey":{"counter":0,"key":"rc0nTSUrivrlawe47/xN0bcU/o6X9dkkvjxrYYdw+DA="},"chainType":2,"messageKeys":{}},"BXJMDwph+q0R+UdgDs4Z6AgMORVpvpBfeE3qRNKQ63Es":{"chainKey":{"counter":-1,"key":"npizC9l89UgoOXyhY+mN02/bKgaF44Tcs7cZ3ertJqY="},"chainType":1,"messageKeys":{}}}},"Bd7xZD6TL8QuAsR8Zbm620Q8f5AiU6EGXDbiUTs+wzpM":{"registrationId":1854164655,"currentRatchet":{"ephemeralKeyPair":{"pubKey":"BaH03eTqpXaWU8god0D1StzLRkb1KdDWQHx2YMhW0l5+","privKey":"oAIWWOMmOJ1/VUGBw5oPDjPwVM+Myehw/EsLI0luzXw="},"lastRemoteEphemeralKey":"BUDlKqNbqMb46Tz5nRzcULpAWs/vADhzQvVCl0oLIpIC","previousCounter":0,"rootKey":"a9P84sQljiYp0f/0O8IxbxWQdZPcBV3peAL+LbM3swA="},"indexInfo":{"baseKey":"Bd7xZD6TL8QuAsR8Zbm620Q8f5AiU6EGXDbiUTs+wzpM","baseKeyType":2,"closed":1691850097863,"used":1691850097213,"created":1691850097213,"remoteIdentityKey":"Bd5e1Bw15mprfxxooWBZJY9DlVaeMDLkRbpU8kyP0SRI"},"_chains":{"BUDlKqNbqMb46Tz5nRzcULpAWs/vADhzQvVCl0oLIpIC":{"chainKey":{"counter":0,"key":"S5Ds4NSS3rsuD8JdY3uWEEv799IPh5OVOqLKqe7cFm0="},"chainType":2,"messageKeys":{}},"BaH03eTqpXaWU8god0D1StzLRkb1KdDWQHx2YMhW0l5+":{"chainKey":{"counter":1,"key":"b1DXW5+RWkJnSGVih+bAJNVJne6HhczfLiOCJpI6VRY="},"chainType":1,"messageKeys":{}}}},"BXl4K40q5RAxyyGqZu9g9m4rG5rg/+tb6uoPjnwXShYx":{"registrationId":1854164655,"currentRatchet":{"ephemeralKeyPair":{"pubKey":"BSDf1HwUWOblOZLd0OTDUw6w5tSSYFKAhrhZo8aTZHpo","privKey":"yF+wnU2x+oCVod+VT07v7Qg5X6FbXAZg3jquUV8E72w="},"lastRemoteEphemeralKey":"Bb7ps8PaYfpXSpdGP41jZqtd9fVRR+ghSFzpJF1cp29l","previousCounter":0,"rootKey":"BCPab2Hmx8m8v/IGWRMZa3WMXpkCS8LDpzzDiPzCT9Y="},"indexInfo":{"baseKey":"BXl4K40q5RAxyyGqZu9g9m4rG5rg/+tb6uoPjnwXShYx","baseKeyType":2,"closed":1691850098105,"used":1691850097884,"created":1691850097884,"remoteIdentityKey":"Bd5e1Bw15mprfxxooWBZJY9DlVaeMDLkRbpU8kyP0SRI"},"_chains":{"Bb7ps8PaYfpXSpdGP41jZqtd9fVRR+ghSFzpJF1cp29l":{"chainKey":{"counter":0,"key":"GTeY3wgsNn7Gz44M0aeeJ58eEqOgyH52mhEbDQQgHH8="},"chainType":2,"messageKeys":{}},"BSDf1HwUWOblOZLd0OTDUw6w5tSSYFKAhrhZo8aTZHpo":{"chainKey":{"counter":-1,"key":"sXLAliqqikam3OFhdv93aWStySxI7OEbkrf3+48fxKE="},"chainType":1,"messageKeys":{}}}},"BUUVz7HXACgCu1KhpOjw3zceN3GcznGc46bXw2kfz6o/":{"registrationId":1854164655,"currentRatchet":{"ephemeralKeyPair":{"pubKey":"BSi3RCs7ioUaFKhfJhLbUGRvHhW6I4i1suN9yP/o1O51","privKey":"iO0lPf3tInePICt44GNAieBP+TJ6g+A62E0iiJzHBGA="},"lastRemoteEphemeralKey":"BfqYltBgneAEQrbrlEBYG0X80MTrpxMtsOqqNwPTKz5I","previousCounter":0,"rootKey":"/8xUPiqK1glM8z3yirrNxb/CozjriZqfhRNM4b1IF0I="},"indexInfo":{"baseKey":"BUUVz7HXACgCu1KhpOjw3zceN3GcznGc46bXw2kfz6o/","baseKeyType":2,"closed":1691850098408,"used":1691850098114,"created":1691850098114,"remoteIdentityKey":"Bd5e1Bw15mprfxxooWBZJY9DlVaeMDLkRbpU8kyP0SRI"},"_chains":{"BfqYltBgneAEQrbrlEBYG0X80MTrpxMtsOqqNwPTKz5I":{"chainKey":{"counter":0,"key":"/+WWGQ+tKm/4ENhpcCGNmI/+NskqSkfUz5WUkyaywX4="},"chainType":2,"messageKeys":{}},"BSi3RCs7ioUaFKhfJhLbUGRvHhW6I4i1suN9yP/o1O51":{"chainKey":{"counter":-1,"key":"mLcoXHUblJz3lbXwSpDB+2cEBqBla1g30d+u1TI+/f8="},"chainType":1,"messageKeys":{}}}},"BUCXnVms6nO15dyuPSXheFzxV2m+OretQUQhHt23mcBS":{"registrationId":1854164655,"currentRatchet":{"ephemeralKeyPair":{"pubKey":"BS8B6c4rtPOSAe+ToMKeGXPjkYLBz3oG/A7+JuC+h5VD","privKey":"EPKspmT6wBbnWmV1kgCZodahVABapS1lLknHxl+NGlg="},"lastRemoteEphemeralKey":"BaXGLd3TKavP+PlzVl03IsrTeKALvWKHpzszaMembIoV","previousCounter":0,"rootKey":"5C+VdAFj7wx+lN6EkllLbBnuca1YyYI6EA3G7alYA30="},"indexInfo":{"baseKey":"BUCXnVms6nO15dyuPSXheFzxV2m+OretQUQhHt23mcBS","baseKeyType":2,"closed":-1,"used":1691850098417,"created":1691850098417,"remoteIdentityKey":"Bd5e1Bw15mprfxxooWBZJY9DlVaeMDLkRbpU8kyP0SRI"},"_chains":{"BaXGLd3TKavP+PlzVl03IsrTeKALvWKHpzszaMembIoV":{"chainKey":{"counter":0,"key":"h56tYlcGF5pmeCEowEgiRRe3CwX5B/Ke4r5In4befo4="},"chainType":2,"messageKeys":{}},"BS8B6c4rtPOSAe+ToMKeGXPjkYLBz3oG/A7+JuC+h5VD":{"chainKey":{"counter":-1,"key":"4QbybvtkligPZbnK6n2j/pQNpskL0iZRx+AjEMOjRKs="},"chainType":1,"messageKeys":{}}}}},"version":"v1"}