{"_sessions":{"BW2YHIusDzdg2YYAS8DOqKq8C8JACjN0/U7LlrN0diY0":{"registrationId":861539413,"currentRatchet":{"ephemeralKeyPair":{"pubKey":"BRR9FRHhUVS3Vmn+heTLU+JqtbOjsIS5n7FScfJakEBF","privKey":"OPTf5h03z6JrUAAp7gAxUQisByW9qxM6Lk3rCRO0nUY="},"lastRemoteEphemeralKey":"BUJ8vHsbZNLSQvoTKNs3S71bUIu9v7mj+1gNaQafEYRM","previousCounter":0,"rootKey":"uuNbznEw1XxQ555DQXQ+drTg3cd5GixDYz5eP0K6WsU="},"indexInfo":{"baseKey":"BW2YHIusDzdg2YYAS8DOqKq8C8JACjN0/U7LlrN0diY0","baseKeyType":2,"closed":-1,"used":1691634138785,"created":1691634138785,"remoteIdentityKey":"BcIUdLBq4EsQWQJrxJlihCNBbj+CaEah8GxNHiHB/pwT"},"_chains":{"BUJ8vHsbZNLSQvoTKNs3S71bUIu9v7mj+1gNaQafEYRM":{"chainKey":{"counter":0,"key":"EMPbLxg38UZQK8ytFrKpM5jzDtVt77KwOQT6wh4HP+c="},"chainType":2,"messageKeys":{}},"BRR9FRHhUVS3Vmn+heTLU+JqtbOjsIS5n7FScfJakEBF":{"chainKey":{"counter":-1,"key":"q7YvRaIHOTjGhTIgzWOJk9vdpWU9v3Q53yCcXcygr9g="},"chainType":1,"messageKeys":{}}}}},"version":"v1"}