{"_sessions":{"BXgUa6oPDoooGPYC6e5malx2QiV5oz/F18nYALveTZpl":{"registrationId":1185107855,"currentRatchet":{"ephemeralKeyPair":{"pubKey":"BeXVy71XQBVVuS8B20y89nBoo7x/FzcOu2NC1UYynrJu","privKey":"UNjYALATZOWXllpzlebi5INxxLHB5e1ZIoHS3qzxJ2c="},"lastRemoteEphemeralKey":"BUTLjYjTg8/TTYBZTmXYfBBU4qJRy014Ie8SRKu4qBAr","previousCounter":0,"rootKey":"wLIwoihcRAWA6NkrgRkQsY1Ap6P8Id4stFFlQkY/p70="},"indexInfo":{"baseKey":"BXgUa6oPDoooGPYC6e5malx2QiV5oz/F18nYALveTZpl","baseKeyType":2,"closed":-1,"used":1691857030988,"created":1691857030988,"remoteIdentityKey":"BTUEj479+vYClwcsES7HdxcToNEvN9quzhvzWBw/Q8AQ"},"_chains":{"BUTLjYjTg8/TTYBZTmXYfBBU4qJRy014Ie8SRKu4qBAr":{"chainKey":{"counter":1,"key":"QCwebWkeEOPn5pIUzYaRRfhnwBI5dub11iEVHY5267w="},"chainType":2,"messageKeys":{"0":"Cj7g3Np9aeruUwdtDyJ5g3CyzBZ+Y+pGwY6YtlGQBkA="}},"BeXVy71XQBVVuS8B20y89nBoo7x/FzcOu2NC1UYynrJu":{"chainKey":{"counter":-1,"key":"P7qIOimWLeX4McPVSve1D/0R1YTx7noarA2Ydrca9GY="},"chainType":1,"messageKeys":{}}}}},"version":"v1"}