{"_sessions":{"BeEAhA7tJWrvsjwQmLV6x1qu7oignjRFr56sT+qeuCUG":{"registrationId":1403647959,"currentRatchet":{"ephemeralKeyPair":{"pubKey":"BRYYM7yaj+7cFKGaIeTi3YfTlzk2Ryq1Sis281RfubUx","privKey":"MGxucWZg9kQze+OukqmwWGhUgCqpaQvOl3I8zGcAqlg="},"lastRemoteEphemeralKey":"BQxChUPIyjc4iLHJM7TuCca7RXked7gxZqtMmR/FB0Vi","previousCounter":0,"rootKey":"ZyPw69TRONNc2FD88oS4FXMMBTQV4aoJ/FhHoCi7cdA="},"indexInfo":{"baseKey":"BeEAhA7tJWrvsjwQmLV6x1qu7oignjRFr56sT+qeuCUG","baseKeyType":2,"closed":-1,"used":1691855676899,"created":1691855676899,"remoteIdentityKey":"BdlAa4rd6w8GnXiC0NqJEtXu6RjV3Cpff7BaZUoer1M4"},"_chains":{"BQxChUPIyjc4iLHJM7TuCca7RXked7gxZqtMmR/FB0Vi":{"chainKey":{"counter":2,"key":"D8Z+SYGzcWF/K7Eq29bpBt59vs7jj5p/tkgdsdNv2Nk="},"chainType":2,"messageKeys":{}},"BRYYM7yaj+7cFKGaIeTi3YfTlzk2Ryq1Sis281RfubUx":{"chainKey":{"counter":0,"key":"acuzIjX++ovrSUlpqd5rg06ClO75Ojp31hMobW5ARLk="},"chainType":1,"messageKeys":{}}}}},"version":"v1"}