{"_sessions":{"BSEJ1LPWcvT/BVjW3ZD7z1VUxZP9JNKicGnZcjwXakR0":{"registrationId":179,"currentRatchet":{"ephemeralKeyPair":{"pubKey":"BUqvRrclFZpPSwHuQEiV8rG0kUwxOTfVYkst4k6/Z+Qj","privKey":"MLLkuaFeo92vTsoRR7QGx8oAPTnj2Un6eavhSZDIvnU="},"lastRemoteEphemeralKey":"BcsllzC5ia4ED1du1a3XtWge6HdDv+FkTXsJldp0OwMM","previousCounter":0,"rootKey":"Td9CrntXrGFka7e2c+7T1AokVinIMLoog6h4onYI228="},"indexInfo":{"baseKey":"BSEJ1LPWcvT/BVjW3ZD7z1VUxZP9JNKicGnZcjwXakR0","baseKeyType":1,"closed":-1,"used":1691850764224,"created":1691850764224,"remoteIdentityKey":"BWcxxiQaifZoc57pNhFF1g1bm4tblPRefL83wdEVxQky"},"_chains":{"BUqvRrclFZpPSwHuQEiV8rG0kUwxOTfVYkst4k6/Z+Qj":{"chainKey":{"counter":19,"key":"5/RyUE3LT0983PK6Wsj0zG+o2Yckr1L0u9rnHlrMMMY="},"chainType":1,"messageKeys":{}}},"pendingPreKey":{"signedKeyId":1,"baseKey":"BSEJ1LPWcvT/BVjW3ZD7z1VUxZP9JNKicGnZcjwXakR0"}}},"version":"v1"}