{"_sessions":{"BeuZVitbRf2wbnu9gIMD4ECJ9oDTskgLfbk0LmQrXPoQ":{"registrationId":481391270,"currentRatchet":{"ephemeralKeyPair":{"pubKey":"Bd3Vxwbg9fgwzApINnBqa2Ae93OziqmCpPUTQNC6vGJ6","privKey":"qKCYYun4Sb6hXzxMvMsfkZPVC1YlezarwxuN3McBelQ="},"lastRemoteEphemeralKey":"BejCJ3z/zJWTmkB69D5u1KhHGBxPy+XQ6+tF2SgoSlRZ","previousCounter":0,"rootKey":"ycT+7Ub2kM9eaHgq6NAkbS00kGW9X00Q2WdfJQStXR4="},"indexInfo":{"baseKey":"BeuZVitbRf2wbnu9gIMD4ECJ9oDTskgLfbk0LmQrXPoQ","baseKeyType":2,"closed":-1,"used":1691634139975,"created":1691634139975,"remoteIdentityKey":"BcKxuPOoUeqwcKwObtuhgioXKwFktd6seeRpBHp+/6gN"},"_chains":{"BejCJ3z/zJWTmkB69D5u1KhHGBxPy+XQ6+tF2SgoSlRZ":{"chainKey":{"counter":36,"key":"keTvclaHHcoSJ7RN3egH1GjU6qW33tc1r7EbaSze5+E="},"chainType":2,"messageKeys":{}},"Bd3Vxwbg9fgwzApINnBqa2Ae93OziqmCpPUTQNC6vGJ6":{"chainKey":{"counter":-1,"key":"aJTBzkLbiAibCmN6nKL8hHsOfKT4zqB8prQ4ozUieRg="},"chainType":1,"messageKeys":{}}}}},"version":"v1"}