{"_sessions":{"BRa7JA5WU3jtV54ajRYoTbCQKzJk6x8i5178v+tMug1J":{"registrationId":841005360,"currentRatchet":{"ephemeralKeyPair":{"pubKey":"BYD1llBix4R+LYM0FdbkCT/vCcKZuujyT9eiX+gFL7gl","privKey":"+BxcYtt8qR8+1ScEbQ67PsQM2s5C63I/DRm7QbNngks="},"lastRemoteEphemeralKey":"BSVNIQawyvRvVv4zlTeIxhIJfMIwK0DDSwherhDkYsZS","previousCounter":0,"rootKey":"zbSKzk+7SBR9HaCImC+nk/hhMHMzY81VfMOQKG99go8="},"indexInfo":{"baseKey":"BRa7JA5WU3jtV54ajRYoTbCQKzJk6x8i5178v+tMug1J","baseKeyType":2,"closed":-1,"used":1691856149482,"created":1691856149482,"remoteIdentityKey":"BVGCgVSnwNt1QBjiT4JihW/RtNB/d+SWVGusdFVDsJod"},"_chains":{"BSVNIQawyvRvVv4zlTeIxhIJfMIwK0DDSwherhDkYsZS":{"chainKey":{"counter":0,"key":"YYKl54dGganSSm1Aoo5DFIKcyJt8roeJeGV7EvjD7nQ="},"chainType":2,"messageKeys":{}},"BYD1llBix4R+LYM0FdbkCT/vCcKZuujyT9eiX+gFL7gl":{"chainKey":{"counter":0,"key":"FBoKYHn74fZogqtgblt/AWorBgxxdG7pI5VJIAJBL8s="},"chainType":1,"messageKeys":{}}}}},"version":"v1"}