{"_sessions":{"BTMNzYVv/3Dyc1/0v6yRo/Z5OpGqRvCYh0ZXSRPvU4U8":{"registrationId":1035448729,"currentRatchet":{"ephemeralKeyPair":{"pubKey":"BT/nh00uQiZ7XuaBtWQIRSSujXQ8JL70em31TjLJa7ZD","privKey":"8B6Nssl2qGwN15U+RE0lsMkmma44RrSm7M1vp2DsVUE="},"lastRemoteEphemeralKey":"BaHOLHuK0B0HV2JSfk8lBYBsDNxLev6Pr9EQEcftXCJU","previousCounter":2,"rootKey":"cu4yGcStAr6Z0xMjovvyl/D8PwcQibRKLHqi8ESGSy0="},"indexInfo":{"baseKey":"BTMNzYVv/3Dyc1/0v6yRo/Z5OpGqRvCYh0ZXSRPvU4U8","baseKeyType":2,"closed":-1,"used":1691853064675,"created":1691850127394,"remoteIdentityKey":"BRPwOPgBkK6vNZYxf4/mINwg+LiYWj0Z6W0TtsYIXn1b"},"_chains":{"BebaRmP7bKvmahDrREolHzfFBgcx0toFF4HpG9/iEDU0":{"chainKey":{"counter":0},"chainType":2,"messageKeys":{}},"BaHOLHuK0B0HV2JSfk8lBYBsDNxLev6Pr9EQEcftXCJU":{"chainKey":{"counter":0,"key":"mSc6z5cpXDzir/gZ3flwakjHtde+VxkGnJ/RmbHTY3k="},"chainType":2,"messageKeys":{}},"BT/nh00uQiZ7XuaBtWQIRSSujXQ8JL70em31TjLJa7ZD":{"chainKey":{"counter":-1,"key":"iHlrMYqak2u8LciRcZsc3dMSTagZ2U3JZgi4o+Puobg="},"chainType":1,"messageKeys":{}}}}},"version":"v1"}