{"_sessions":{"BTGm5nYzYkp3ZX47O+AdUEhrbrp7jYbsFpV9Rm5UDFUT":{"registrationId":150784016,"currentRatchet":{"ephemeralKeyPair":{"pubKey":"BRGgOahaD/V/UmvTrMx0QpYmzOKAptriiWrTMGQe9qlE","privKey":"gOq2R88/1stEc9Ut5jwExRp+0wG37XLSRU6DVoBttFs="},"lastRemoteEphemeralKey":"BRFHAWzpEoeX2URzQ/WAZ3Znezyz5MgK62r4lM7DCIpc","previousCounter":0,"rootKey":"kO//0y7BE4N8BJQAVkyLj1eGNqpWuD+p8cRA/JNCWVg="},"indexInfo":{"baseKey":"BTGm5nYzYkp3ZX47O+AdUEhrbrp7jYbsFpV9Rm5UDFUT","baseKeyType":2,"closed":-1,"used":1691850042103,"created":1691539576259,"remoteIdentityKey":"BR5rJmXZLnCkov3/ppypDW9VApIk3iACPlD9bW5B/Yob"},"_chains":{"BTNp+bLOwFyzeJrQmD6kSwwVHXr2iZbsCri9nzIWUk0M":{"chainKey":{"counter":0},"chainType":2,"messageKeys":{}},"BQ0U3btpldZnmmBSl2ShGp42ejzuIAElKwX46I14tkIT":{"chainKey":{"counter":0},"chainType":2,"messageKeys":{}},"BWV20V8b/dDMDdC17305M6kZypLd3iBK2JlulMXCujgs":{"chainKey":{"counter":0},"chainType":2,"messageKeys":{}},"BVE8y74rxmHzwrm/70TefCJrfF6xzhJn8o5OjJ+8A+QW":{"chainKey":{"counter":0},"chainType":2,"messageKeys":{}},"BX2acuMi0goZ9G5btolPk8Cme+8b3qQV7e+Ef8UN4S1f":{"chainKey":{"counter":0},"chainType":2,"messageKeys":{}},"BaCTwZkTdU5ShXoC+hZ19WFtsxgNXsT8PVGUkxomFBVG":{"chainKey":{"counter":0},"chainType":2,"messageKeys":{}},"BVKy6UbmmV11q+1l1poBKRp8eacxJsRhnALsIO8vIFxz":{"chainKey":{"counter":0},"chainType":2,"messageKeys":{}},"BWjxGy9snmKYYfbCdWCLfxSfIYhMT61EJ6zwhTpDrIFx":{"chainKey":{"counter":0},"chainType":2,"messageKeys":{}},"BbEa/Ez+55KNbZ4J1fVIwTh2TX1Wiy+lMFvvwM7TPVo+":{"chainKey":{"counter":1},"chainType":2,"messageKeys":{}},"BXDLMQeHZ9C5vevbecmrNJWE0Em+P1/cP0T3kdiqEHhJ":{"chainKey":{"counter":0},"chainType":2,"messageKeys":{}},"BS9iuHiixKepr68jVg6SpdRZl3KLWVGtHmIOafADat4y":{"chainKey":{"counter":0},"chainType":2,"messageKeys":{}},"BSw+VklGsiQ3UAG+dv+bqABi0FD+0bhTj970DjIJNDQ1":{"chainKey":{"counter":0},"chainType":2,"messageKeys":{}},"BSo379X15gUqeN2dLE5wXXAbmLPKdv2IPfLRujemZ2lN":{"chainKey":{"counter":1},"chainType":2,"messageKeys":{}},"BfuEt1ElE03AlQ8F1y5TG2ZcEWgh0LintquFN+zAPOJr":{"chainKey":{"counter":0},"chainType":2,"messageKeys":{}},"BROvGs8aQiLjwdS+gWhvxc0JPnc8kvlIKaVIsepr/t8g":{"chainKey":{"counter":0},"chainType":2,"messageKeys":{}},"BZx4xRcsSzXCIRykgM8i8WJOdqfZbMg9qYQbdTZRn0xa":{"chainKey":{"counter":0},"chainType":2,"messageKeys":{}},"BRn7Wd6E4qIVqp4ESBU6DzE5LR8x8WDYHA3nv4xl4lgZ":{"chainKey":{"counter":0},"chainType":2,"messageKeys":{}},"BYaVnEbYKDYolhm0LSy9chqML6SdZk5InFvHoNMC9wtd":{"chainKey":{"counter":0},"chainType":2,"messageKeys":{}},"BVB/3AqYaNUWVKNpAkZzHToIrtbK1Y8pCZmnH/EEX3F6":{"chainKey":{"counter":0},"chainType":2,"messageKeys":{}},"BbnJc8pgY//NqcyF55Ue2UgN3FeV08OvE352TGiEMXU3":{"chainKey":{"counter":2},"chainType":2,"messageKeys":{}},"BZrobYmMMNT4iSHDvxLwu+xWZSDW812/szTR7dBXDZ9A":{"chainKey":{"counter":0},"chainType":2,"messageKeys":{}},"Be4pJEsQNKSa/9XDgRGrOh0QqEEfPP01B8IDF0f4ey4v":{"chainKey":{"counter":0},"chainType":2,"messageKeys":{}},"BTU2ckdCgGdUrpSCvjAPShFC1NGlUYLDe8lrHm3XFDpz":{"chainKey":{"counter":0},"chainType":2,"messageKeys":{}},"Bd8Pl8zwUkv108FqGlRuq1wh71T46wzzAR3dBduyRT4e":{"chainKey":{"counter":0},"chainType":2,"messageKeys":{}},"BftF58upK6KrhllnnoxdAZaiIxvuBZCjIl4PM99e9Z0M":{"chainKey":{"counter":0},"chainType":2,"messageKeys":{}},"BXh7G9FzATH4jse/zJJcWNPIm+qdazgVvLnf9zXksdoo":{"chainKey":{"counter":0},"chainType":2,"messageKeys":{}},"BUPx7Q5kAtyb32M7BTxra3n84GwYrVCJD6EAOawpM+gH":{"chainKey":{"counter":0},"chainType":2,"messageKeys":{}},"BXnpGGyuHck84Hj8vXItxls4CTbrGENBmKo00XIy5Zgq":{"chainKey":{"counter":1},"chainType":2,"messageKeys":{}},"BZ7xKgYJY5qxXHx6TUkb8LZksfgAJWIKPvMFobwI/OUq":{"chainKey":{"counter":0},"chainType":2,"messageKeys":{}},"Bf5xapFALYD60omJv2HSn80UisclFaW205uf2bs6iPcb":{"chainKey":{"counter":0},"chainType":2,"messageKeys":{}},"BeHlQZ3eBdS0h1auvBqrw1Zf4Zg/wFpbU6U7ic+aT1R9":{"chainKey":{"counter":0},"chainType":2,"messageKeys":{}},"BTIk+UAVIJmRf9RMZ4FCSCKTJAg/NmLujaEX3a99NgQ1":{"chainKey":{"counter":0},"chainType":2,"messageKeys":{}},"BZN6KOi58gWTV6s1berMhs4P0nJeuaGaWyhN1rSy3cw2":{"chainKey":{"counter":0},"chainType":2,"messageKeys":{}},"BQAr5Zctb1mNgBaRN1vrl97V/OMiPIBQ6kZMp7i1Mndc":{"chainKey":{"counter":0},"chainType":2,"messageKeys":{}},"BUeZ9qBtBaK4CtrL52OnNnc2K9qOY0Y35bD4rRoUNkU4":{"chainKey":{"counter":0},"chainType":2,"messageKeys":{}},"Bbr6Q5aFZlS+acadJtXnDbDiNvhTKMt8F3KUVSp8jBdm":{"chainKey":{"counter":0},"chainType":2,"messageKeys":{}},"BegoTKvgelnfpaoiSsssGjuqAus0PIQ9+roZ8kwV6bpc":{"chainKey":{"counter":0},"chainType":2,"messageKeys":{}},"BVzO/wM/r94exfHXm3cOI2IAm7odOcu6aXtFjjhk2tt4":{"chainKey":{"counter":0},"chainType":2,"messageKeys":{}},"BUeLSkrM0o1dMMjeGvtHIgN50eleO1oSS3CiN77c2YVE":{"chainKey":{"counter":0},"chainType":2,"messageKeys":{}},"BY/zZfcQoIESOs7le9syiJyiiuolllQlq8nkO0bKwbxu":{"chainKey":{"counter":0},"chainType":2,"messageKeys":{}},"BRdJ/jGPFDTBdhhw680xIbSb8SvVhyfrMuA7Kcy/lncw":{"chainKey":{"counter":0},"chainType":2,"messageKeys":{}},"BXWNX5uPU3xxWjn7yy+50+3itQwVvXiCy9ExCoH24YQ9":{"chainKey":{"counter":0},"chainType":2,"messageKeys":{}},"BTm8GXl8nD7B4llc8sjoKLzwqnNXqApmyNky0A5dNWJT":{"chainKey":{"counter":0},"chainType":2,"messageKeys":{}},"Bb+Vk/fNDk3gAnO1M/ezwKdpMJg4jEyQC44rqGYku2FL":{"chainKey":{"counter":0},"chainType":2,"messageKeys":{}},"BQz33JLbnAPhfjBwXcPlIpWkC6egK/SJEtDawAT/AdAm":{"chainKey":{"counter":0},"chainType":2,"messageKeys":{}},"BY0ka/QLbFGGx9mp5hoDkySO5BnBXiM/kHmb1EMSQzcm":{"chainKey":{"counter":1},"chainType":2,"messageKeys":{}},"BTgrjAC8IojkdVIu1G1zC+DAZJSjm4TQXlMt+ccQPKZX":{"chainKey":{"counter":1},"chainType":2,"messageKeys":{}},"BT3vwRbMqvPn/GTWvo4CGI/nBvfnJHDFc0kiSoMa/PM1":{"chainKey":{"counter":0},"chainType":2,"messageKeys":{}},"BdVzczfI8jJcHM4WuhbUnpidWdeSjcyCmLtohItG77Uc":{"chainKey":{"counter":0},"chainType":2,"messageKeys":{}},"BYjdQnxKCz4KsKuoYrds9oEN1WcPGYtSx8xIZayiNoEt":{"chainKey":{"counter":0},"chainType":2,"messageKeys":{}},"BaQKEK0rBklLvRp9lPDSW1cE0WEjkh7vwQx15vqOa1pk":{"chainKey":{"counter":0},"chainType":2,"messageKeys":{}},"BXDW1dKObz8FKbx3pzQvZUgR3xJZFTyx+PtmGxrwNMA7":{"chainKey":{"counter":0},"chainType":2,"messageKeys":{}},"BQkVszUFbv73jzkYBlx3iCI6Ha338UxSx9aeZAZuE08H":{"chainKey":{"counter":0},"chainType":2,"messageKeys":{}},"BTCtz5x+rLl93zbXw6Ql+fi7t7ugs1cX+IJ2mLAJIJtk":{"chainKey":{"counter":5},"chainType":2,"messageKeys":{"1":"3pTrr5ecPc9ocMTQqmoXtb2qiqWvbRMBMdU3LjJQCn0=","2":"y7KvC12C8UFkDFaKXS9ycn/BHA9T1GgNm/iApI4G8Dk=","3":"OvRLnEuwRxcv1Q0GpgU+bOWmckG8e1A4HfwLEmhc/9o="}},"BV8OZ4dAp6w0CS87owDdTwCO+0h5TOLImUNveRpEDBNV":{"chainKey":{"counter":0},"chainType":2,"messageKeys":{}},"BTerSRfveNTFShsyVyP6nVJE4eyinHX6HwLEuWRQtCYH":{"chainKey":{"counter":0},"chainType":2,"messageKeys":{}},"BS4N9y2ng4V83HVyjGE0AD/OZ0lrnsNtLQjl79nAH0wL":{"chainKey":{"counter":0},"chainType":2,"messageKeys":{}},"BRFHAWzpEoeX2URzQ/WAZ3Znezyz5MgK62r4lM7DCIpc":{"chainKey":{"counter":56,"key":"MGPWpQXzmfFpYyMlX1O51p8iTfxKdHX5J7+lqaUrckI="},"chainType":2,"messageKeys":{"1":"HaKPxtQ9SrDRQmB6nU3IoBBymqShxDsr7aGHktvYdcg=","2":"nDyCfKi7McolTt8W0s2Iiwn58XoEy0IZ7zDWJnEk71g=","3":"ltt7VCpF681PhqhHVUX+H0XM2p4Fzpw8byZa9TU29nE=","4":"iMpG2b8bEKZxyhEpI8GDr+KRSN6QJfPskAbLWTt1u18=","5":"RiH0meUXvsbeiDIF1P6xz8mbkhIFLbn72u6u/OP2KNQ=","6":"cH1u+nDItX3rd6376pcCii96iZj9NsoYu/rohmr9ktQ=","7":"plC0YrsEQd6zFXwiiJeAoyqYdcmjW8d/r7QKDo9FO8E=","8":"uOndfeuPShpYaYadBrpNgags1+RpMZl64+eyZ7Jn8gM=","9":"G6vewHzLnW3MRcMbgAVY2HpgpcHPsfFe0SDgImsEPBA=","10":"BFijM5mEheJb40rqunfPnqAG45eZLoy6gMoK4rrrprI=","11":"uAMpDs8k912rl1TB78XZJ+g+ILrXUCV4FoWfYTg9tj4=","12":"phr+RYWxM3oL2yZu+y7tHBNcZH0MEUVmCfwzMBFfXYA=","13":"hgtpgsnBQPx0LoPGfAREpa1aKSxG05ZQU1xoZcTmR34=","14":"b5CtadGvNOWjQ/PsGh2lZhbphn4+ZkWf5qu1GPHlmxI=","15":"3QSqURLRYOz040gB/TLogNH7oTx4T2JIxXYHcfVPQjc=","16":"LWttYc5I2qwboPCZuNfkaOyMsuDCKeptKTf3i3rDkSs=","17":"s/oPOE/tZs9lbHb75K1/r0yuTXNS2kWniHQQ7Y50Uyg=","18":"ca/4tGnJCywG3Slkj6zCwUX5WomN8tEjNVLrGsPl2mk=","19":"L+Cv9zamu0THeO1BJvNW2uRb6orB3FOvi99bWjb5Lvo=","20":"jBOCmDUDpVMCncUwY6sMsAaNaPv7BxVeiF2f76khXjU=","21":"ZSdZ5ReInNNz8sIReEi80VxfWcaRJz7xs+XdayXySeI=","22":"QJJzW8kqxC/IBROw6CXS6z6hJ79s7T+UnYOvI8AGv7U=","23":"Q2loAvwilLmLdIqno9dYGexbc7pxC0W6ikRyd3MTUBY=","24":"4daiV8MVOyzxCzvjkDnGdllv1ha30tJL+Xss7wWAMkA=","25":"aUoPOtGWr4owJoU7PzqneZuvnm10dLmCiekAyNPmyVI=","26":"E4Sujg+jrVhQZoaaj6p1bFVNOngBCn6lU7zajIb2xX0=","27":"s9uZwRg4OXkzU1GmQINUiA0W3a1MlAuYnHANuJEKARg=","28":"DuZ5OQyxeGs/jHrvielAqNbyJxdt0vjEGElZlIIDUVk=","29":"fCKDy7Vje2ewXNJUFXDO26E7ZbzcucF0EZz2xn3v61I=","30":"LSadoWLv/132WqjHFMAsVoiZbdF6SGtsvL+4DaIztnI=","31":"ZBoT4GEI4rgDroc0CeDpiXqRB2vH5b8odf5a2fnbzQU=","32":"hP9kdw6SFWaj/L2tz8sagT4r6vHDpgTNhc5YEkIsXT8=","33":"YH7AAACigwDeHmcTpfRV2cLCUqOtAo0cp3wIAbnztQA=","34":"vijM/PfRPthVLLbYRgrHTgzQAov3Yl/iNSVDeRA7B1Q=","35":"5TMbd39yLoPi4gHF4oGZ5dXjyTwuEiv/So1vQStiSA0=","36":"DN5+FPmXnjdu5cWRMQqYjzd8QX7u3yTVqE2gLWKHlXE=","37":"sXm6G5OgaPeBD+bk7VZZBW08RJXxvdJ5euJbBHzaOuU=","38":"j/xwt/Rl56hNWaLUrUIfPLjJvm2uBYqqJpbdl1xK3Lw=","39":"jRv8pi8285UzTwBiyAE5xvT4Z+Oy5QUBylz7vi46vtA=","40":"4swPINLqIdK/Vpcd1A6eSvIGwZraS5c8fsaunt14qnY=","41":"UxKC9G1Sz8sTH41uqVoH1Nm09WZrWhPStDNaVQTa7m4=","42":"/VxoiAjLQi0aeFC+q9GqRhqRpd8CnjJALEJk/4JDh7I=","43":"aID34ydS32/qiUGCNgThFRKRSmWthYydhbxPzgDn2fs=","44":"LP5TpXEcEbzeo7CsG+ebcRUKaDWbsYx9vT/Ha17mm0o=","45":"6IWD0xXAFy2fHEhPy2gIw1DWBODC34+E6+m5a8vG858=","46":"laJYdgSDxDqun8yBffFa81PmkDQ1W/svi565wDM0CKI=","47":"hlWsZH4eqrAoowO/io3uh7PcQ4XsoposH0bSrxRP9yU=","48":"WlCT5cSxj0fFxedqFQg8gv7k+MsXPT42ZLjE1lufbuU=","49":"MjYpt6VqZPlwPxhrVj8+QQGB9VWQ7syykHjIvyXTdYM=","50":"3oQ8TmarT89c/rtjpBJmqtad6tu3guQWx4BKVtokDWo=","51":"qG3up/4Qp/JcnTRRIUQbDnoFcA+UWz+VQ1lhPwcomPI=","52":"KI64eqeq0K7bh6DU2QwxePBfN6GAiIr8rnNuFgXapak=","53":"4ms4mFxid/c0lwFF6Fs8QyOkcz6fJRtQTyC8WyfsSe4=","54":"NFdsvWV+j63MZcMCG1Kwwz2ubpH+mK0msNw73TMhPyM=","55":"RmQTccfbepjBurZ2yeWFDjpRnHnRYnR+9a0DGKnvyn4="}},"BRGgOahaD/V/UmvTrMx0QpYmzOKAptriiWrTMGQe9qlE":{"chainKey":{"counter":-1,"key":"UTnkpgUQzDgeYXNJ+fZrm7+BRJbwHKGdTCy+evz8YpA="},"chainType":1,"messageKeys":{}}}}},"version":"v1"}