{"_sessions":{"BU4auEePhHXZivXPmXmIsLeUgHE6bg7Tz5gG5u6w5RUn":{"registrationId":993960473,"currentRatchet":{"ephemeralKeyPair":{"pubKey":"BTTKEoRaMdsgv70K7+w06DCelnJH3Xo2igJKpE55NQ9x","privKey":"QL3uW7tKfNTjfKGQQAlZNIYBXtDLjwbqXyKxuEMNj1k="},"lastRemoteEphemeralKey":"Bfzjy8yHr7yEWJ6JKgdmRgWi+ychtR9kJGgwdcTjbCA6","previousCounter":0,"rootKey":"MAVlhhvJBpgwoaxaGY7dyUSPVApsb+TDEPpdleVfftE="},"indexInfo":{"baseKey":"BU4auEePhHXZivXPmXmIsLeUgHE6bg7Tz5gG5u6w5RUn","baseKeyType":1,"closed":-1,"used":1691858205279,"created":1691858205279,"remoteIdentityKey":"BQHAfCjJZ+eGlle8/LXwPovLGxVPO79WzyPueUB8ktYS"},"_chains":{"BTTKEoRaMdsgv70K7+w06DCelnJH3Xo2igJKpE55NQ9x":{"chainKey":{"counter":0,"key":"lfmAeItM5HlqWCNLMw8XQy6b28pYZvyvZf4s2zvd4xA="},"chainType":1,"messageKeys":{}}},"pendingPreKey":{"signedKeyId":2,"baseKey":"BU4auEePhHXZivXPmXmIsLeUgHE6bg7Tz5gG5u6w5RUn","preKeyId":7694208}}},"version":"v1"}