{"_sessions":{"BUCP5mudBkdUTHDQSnRVYDKKALgukjvhbY9MZJ7d+alq":{"registrationId":1878964765,"currentRatchet":{"ephemeralKeyPair":{"pubKey":"BX67lvO5cYZSLQK4+jC4XWIzIcJlkTCi6VqhcPDsVMFn","privKey":"MNnW1wAPJHtLvaGS2QQL0lLef8mbl0tjMPNqFikbiXw="},"lastRemoteEphemeralKey":"Bc/j25R/x4bEf6FwUNKjtYv6alJVeHIttPJICPUyNGdn","previousCounter":0,"rootKey":"2BUP/qgyOgho8/QgfpmtRiNftsDHV098wLJaKJaIOoo="},"indexInfo":{"baseKey":"BUCP5mudBkdUTHDQSnRVYDKKALgukjvhbY9MZJ7d+alq","baseKeyType":1,"closed":-1,"used":1691858205241,"created":1691858205241,"remoteIdentityKey":"BUC6+WDMVbn63cpdUCfa7JsGg3amkyw0X4f09bZn3+Jj"},"_chains":{"BX67lvO5cYZSLQK4+jC4XWIzIcJlkTCi6VqhcPDsVMFn":{"chainKey":{"counter":0,"key":"blcVbskFDsD9iPQWd6+WBF2mrVWIxJpbLvj/gqAyJjc="},"chainType":1,"messageKeys":{}}},"pendingPreKey":{"signedKeyId":2,"baseKey":"BUCP5mudBkdUTHDQSnRVYDKKALgukjvhbY9MZJ7d+alq","preKeyId":9513930}}},"version":"v1"}