{"_sessions":{"BY1Zoe4Vsfo2QTceDMQIpAs5i310y96PL9DNmp1bd+MM":{"registrationId":554975646,"currentRatchet":{"ephemeralKeyPair":{"pubKey":"BS8mMqGpbWtEmBeigywuBi/RiAs9IGiUzA0oIdZkWZMs","privKey":"8DjS9GMOQ4MjMbwONvrLzVRvoEYapT7BQr+cHxT9N3E="},"lastRemoteEphemeralKey":"BUJtIkqOB8aetcFXecf7y2jumRsCegnKOjpUThs5+9on","previousCounter":0,"rootKey":"jiGf11/Tg4y4zbv+4UJ9IYomj1P/yxYjp/4gJ9vHmKU="},"indexInfo":{"baseKey":"BY1Zoe4Vsfo2QTceDMQIpAs5i310y96PL9DNmp1bd+MM","baseKeyType":1,"closed":-1,"used":1691858205338,"created":1691858205338,"remoteIdentityKey":"BbXaOPUAv4ANMCkaj8aIOGNGD3b5kCxj5BzZ+AU+iWMa"},"_chains":{"BS8mMqGpbWtEmBeigywuBi/RiAs9IGiUzA0oIdZkWZMs":{"chainKey":{"counter":0,"key":"LPgzR+or79xyVzFtBuxQ9Xi84G9g/aQ5tMMaJmQhchY="},"chainType":1,"messageKeys":{}}},"pendingPreKey":{"signedKeyId":1,"baseKey":"BY1Zoe4Vsfo2QTceDMQIpAs5i310y96PL9DNmp1bd+MM","preKeyId":6619070}}},"version":"v1"}