{"_sessions":{"Be2eCwlrrG+sk69yF1WowGkQwW2VZvDiLNiX9/4fw25m":{"registrationId":9815,"currentRatchet":{"ephemeralKeyPair":{"pubKey":"BVzmVvwZePZiLAG8FmrXNgm+jPElBSZXcUEn22l4jvV+","privKey":"cG2fguyIqRovzvCPQBJE1dYNZJgwgfWloPMazgNfQ2Q="},"lastRemoteEphemeralKey":"BesRW0pLp8hU+UVxURP2jkwZ3IMJsS8Z2nS6C3ellI4M","previousCounter":3,"rootKey":"3JFIFzAk0njpnaAEWASTbXRBzCo/0hinxCw32blc5Lk="},"indexInfo":{"baseKey":"Be2eCwlrrG+sk69yF1WowGkQwW2VZvDiLNiX9/4fw25m","baseKeyType":2,"closed":-1,"used":1691676521569,"created":1691634139681,"remoteIdentityKey":"BWujbCTQQXRZ3WRR9wDD427IfBCqhbFKXuJ0cFnEQS8W"},"_chains":{"BfFPHXv9DpJfhII2dp79BuAV+DN7vBptE7BInMCqfjYz":{"chainKey":{"counter":12},"chainType":2,"messageKeys":{"7":"3JIi/hUI6ulq/Ezw87sv56LgH362M0Eg1pukT77iTwk=","8":"WkUp6cA63HsCr11/sJdDyUEx9U1RIgymxS6ySAfnS+8=","9":"02rFqaiIu1GojP8v7IWuLWxQoOMIswV0RQWB07nt1NI=","10":"jReTfDRrPEAKPx7LbjMf923GUsHPjHh436zdl41TKok=","11":"ILfy5Ok3BdYW5gayk6jafazjM8dvisqojgckq/tYW88=","12":"VCxBsb163lvTJEdfRs4BTzMZEzuLGnvoZKhzhrayuio="}},"BesRW0pLp8hU+UVxURP2jkwZ3IMJsS8Z2nS6C3ellI4M":{"chainKey":{"counter":1,"key":"ICG+TaWrmd2KxtLndKJ5UJWA/tPoj2wfhZjg2xUOdaM="},"chainType":2,"messageKeys":{}},"BVzmVvwZePZiLAG8FmrXNgm+jPElBSZXcUEn22l4jvV+":{"chainKey":{"counter":-1,"key":"xojQH2NSx4bxoL8R4wVvDHJTwc2902SrUm/Z6SeZ/as="},"chainType":1,"messageKeys":{}}}}},"version":"v1"}