{"_sessions":{"BaGyTp8tIIXoh6JK3oz3k+YewCxrFZ6oxsQcvxozKC0z":{"registrationId":2137836626,"currentRatchet":{"ephemeralKeyPair":{"pubKey":"BYDliygX37qCsGC+QErB6fzas9+91LAtRYv+NU99XEJ+","privKey":"cIPMrcmZ+wpll4sgC/YFw3TYWnydzynTY+g+tWN030o="},"lastRemoteEphemeralKey":"BVdo2v5Fhl0w+c5xr4AOI1ry/xr26f4NURJ7YUoZvTYh","previousCounter":0,"rootKey":"h9eC0NHuHzi67BtONpUAZF7FsFbCL/n4JBziZVmS/dM="},"indexInfo":{"baseKey":"BaGyTp8tIIXoh6JK3oz3k+YewCxrFZ6oxsQcvxozKC0z","baseKeyType":2,"closed":-1,"used":1691543529234,"created":1691543529234,"remoteIdentityKey":"BakvfaQHrUHsqe06cnK5sNHcaNQ+C8M+t3o477Z0BVFq"},"_chains":{"BVdo2v5Fhl0w+c5xr4AOI1ry/xr26f4NURJ7YUoZvTYh":{"chainKey":{"counter":1,"key":"7GoFJM72i2FAYv0G/MvMDu7lR4dsXDT6OO0MzOv6doo="},"chainType":2,"messageKeys":{}},"BYDliygX37qCsGC+QErB6fzas9+91LAtRYv+NU99XEJ+":{"chainKey":{"counter":0,"key":"Z39mv+fbyE6s3FNmR0JQR6qVAUooH3cY9vVtXVsOx8E="},"chainType":1,"messageKeys":{}}}}},"version":"v1"}