{"_sessions":{"BbyMFS26uDazTU4a9cICPETWolUNIaAOFVdeJPs4x3Q4":{"registrationId":74206053,"currentRatchet":{"ephemeralKeyPair":{"pubKey":"BQClt08kmu6jHeZFT5I09W2fruzWVoPSVa6c6i+xrSZI","privKey":"2HNzMx01n18p9sDyuyDQPRtMHcj+i1x/dm4NDCc751I="},"lastRemoteEphemeralKey":"BUMGTTuCAgdSaj/0+zvwcyul7az6xR/yfea8uBfTC+t1","previousCounter":0,"rootKey":"pfQJJJJLC1oZmsybIPknmQzTswXMHjDc28Fm6lCf4mE="},"indexInfo":{"baseKey":"BbyMFS26uDazTU4a9cICPETWolUNIaAOFVdeJPs4x3Q4","baseKeyType":2,"closed":1691850112785,"used":1691850112301,"created":1691850112301,"remoteIdentityKey":"BYOh3xu7+s2WjPdeZhRs1jK/p+dcAcvcMjfd6eqq/PZ4"},"_chains":{"BUMGTTuCAgdSaj/0+zvwcyul7az6xR/yfea8uBfTC+t1":{"chainKey":{"counter":0,"key":"woF3GhA9QqMm6ENHdroLpgXoYbW8DwxOtaJYChbvR3A="},"chainType":2,"messageKeys":{}},"BQClt08kmu6jHeZFT5I09W2fruzWVoPSVa6c6i+xrSZI":{"chainKey":{"counter":0,"key":"QRxadOM2IK01trVUxQdCYxhP9FqyR7RN4c/fTYfFQ7w="},"chainType":1,"messageKeys":{}}}},"Bb53/VNJV0t+fSnd0GHYCe99h1rYOCBIdv9Vu6PXDkQ3":{"registrationId":74206053,"currentRatchet":{"ephemeralKeyPair":{"pubKey":"BQ/y7OPKhLmWhE9r6ow+3FCTrTgq/CGcvVTyZBDl1iJE","privKey":"mHtEOX/8IamMQZ6/Wdoy8Vxi2m3m3giA/DKM+b8Nbk0="},"lastRemoteEphemeralKey":"Bdevbk2s9uevWyHEF6nl5ah1VbvYvuFbmzvC76gZJvh3","previousCounter":0,"rootKey":"+vaitY0o9d0kjTSKxhgubgA2GqJQD5cbz9e0qP8Kp5g="},"indexInfo":{"baseKey":"Bb53/VNJV0t+fSnd0GHYCe99h1rYOCBIdv9Vu6PXDkQ3","baseKeyType":2,"closed":1691850113262,"used":1691850112792,"created":1691850112792,"remoteIdentityKey":"BYOh3xu7+s2WjPdeZhRs1jK/p+dcAcvcMjfd6eqq/PZ4"},"_chains":{"Bdevbk2s9uevWyHEF6nl5ah1VbvYvuFbmzvC76gZJvh3":{"chainKey":{"counter":0,"key":"PiUmTC6t26AUA6XAY1MHMIoGLuSJEMZ6NB7mOP8EKWQ="},"chainType":2,"messageKeys":{}},"BQ/y7OPKhLmWhE9r6ow+3FCTrTgq/CGcvVTyZBDl1iJE":{"chainKey":{"counter":0,"key":"MybVKW2q602hC/b18f36dFBfDXciknMFJ4gM4R8MyiU="},"chainType":1,"messageKeys":{}}}},"BfRPetjA8a9bxzZtw1yq7JWLc9EZu9JoMVkbxAunFR00":{"registrationId":74206053,"currentRatchet":{"ephemeralKeyPair":{"pubKey":"BelVs0Y4v/x8ecENUWylgUhYhUdY4fO3iKEIJHyLGDFt","privKey":"CKvnddecbUeNnpqrrrCOYcjQv9jyNnTy8D9Rxa9pMEs="},"lastRemoteEphemeralKey":"BRNJqSToWytVqjXre+4wgV7ritqHYyoz/dVgGw9Q3JxU","previousCounter":0,"rootKey":"obaZH/5lfO/NV4kDVN0E/DcOO1O5k89JxMup4WheO7Q="},"indexInfo":{"baseKey":"BfRPetjA8a9bxzZtw1yq7JWLc9EZu9JoMVkbxAunFR00","baseKeyType":2,"closed":-1,"used":1691855584158,"created":1691850113274,"remoteIdentityKey":"BYOh3xu7+s2WjPdeZhRs1jK/p+dcAcvcMjfd6eqq/PZ4"},"_chains":{"BYu4jEkQ4AxCTVm4tPNfo2IB8IBK9KCAsrV7i7a0AhJm":{"chainKey":{"counter":0},"chainType":2,"messageKeys":{}},"BRNJqSToWytVqjXre+4wgV7ritqHYyoz/dVgGw9Q3JxU":{"chainKey":{"counter":0,"key":"DwhbHLDwByf2/Ac6CsyXz2oLxZGgfa8bp0YssUEjh+8="},"chainType":2,"messageKeys":{}},"BelVs0Y4v/x8ecENUWylgUhYhUdY4fO3iKEIJHyLGDFt":{"chainKey":{"counter":-1,"key":"BcimqF4kVOV/a/EXk9Lvvt6nzwWTtpNuCoNsMe29M5s="},"chainType":1,"messageKeys":{}}}}},"version":"v1"}