{"_sessions":{"Bd92qOS2BpCWA4sqcbB1YEjAd9KRqqPjzzoAo4a2S31G":{"registrationId":630528673,"currentRatchet":{"ephemeralKeyPair":{"pubKey":"BRwIAMTCUd+garkxN/Cs3aNPP44vaoWnm35xvyn3jBMm","privKey":"eMU9KGheSnxtogv2319QSG1W+2GVXbN4mXtrLN5nuGU="},"lastRemoteEphemeralKey":"Bb5sMPiVaGyj0mexi+Pb9SYxYB9VqB96Lq/3TW6p18IA","previousCounter":0,"rootKey":"Ca8n5ZLmTyed7Pn2xXdYKjkUOYKkS2LDS6/gK+EMei4="},"indexInfo":{"baseKey":"Bd92qOS2BpCWA4sqcbB1YEjAd9KRqqPjzzoAo4a2S31G","baseKeyType":2,"closed":-1,"used":1691634138345,"created":1691634138345,"remoteIdentityKey":"BRT+5qAuK3yvpFkdUcuvNOUdLvOmlNvoXifQSJps/eAO"},"_chains":{"Bb5sMPiVaGyj0mexi+Pb9SYxYB9VqB96Lq/3TW6p18IA":{"chainKey":{"counter":4,"key":"5RGYPGP7LBds8AICF1NBi5syI4oz99oFM0q7IGa34P8="},"chainType":2,"messageKeys":{}},"BRwIAMTCUd+garkxN/Cs3aNPP44vaoWnm35xvyn3jBMm":{"chainKey":{"counter":-1,"key":"KZ44QEmstbr86QGInYevSDGEsvtM1EbGIvdFquajQCI="},"chainType":1,"messageKeys":{}}}}},"version":"v1"}