{"_sessions":{"BVQ48nStiikynUgHlfRE38q8YX9xVh19h2UIC4jR225d":{"registrationId":148,"currentRatchet":{"ephemeralKeyPair":{"pubKey":"BarU4HGNdka6QLh2PmflttXTfW6bpWFt6E648G8ET9pg","privKey":"eJheJAWCkp4MA4mFHQRFLk++12UdClS+/je+gEo/l24="},"lastRemoteEphemeralKey":"BXXEZZcs7CTEuCidRLRjaRwT6wc/u/FD8NoKrbqUcm5g","previousCounter":0,"rootKey":"03ankHkuDWFL5GNHbAEjzZrN9kvEzlUaJ8k9TIdZ7Rk="},"indexInfo":{"baseKey":"BVQ48nStiikynUgHlfRE38q8YX9xVh19h2UIC4jR225d","baseKeyType":2,"closed":1691853071886,"used":1691850740564,"created":1691850740564,"remoteIdentityKey":"BYSjYEHjCb3akzCg7PhgwgU72r7kZ04DnbP11kNUUZlu"},"_chains":{"BXXEZZcs7CTEuCidRLRjaRwT6wc/u/FD8NoKrbqUcm5g":{"chainKey":{"counter":0,"key":"WOXIMHUs/oAWKMmpwbxj384w7YpXNlAxgifqUS10xdU="},"chainType":2,"messageKeys":{}},"BarU4HGNdka6QLh2PmflttXTfW6bpWFt6E648G8ET9pg":{"chainKey":{"counter":6,"key":"Vlq4vDUQOBkdki4i1NhJvUUFVrpW8n9uSQaaWr3KdcU="},"chainType":1,"messageKeys":{}}}},"Bau6PVRlIfbvRv6CHJN1pwrAZhXxL5cqROlby67HkZ0D":{"registrationId":148,"currentRatchet":{"ephemeralKeyPair":{"pubKey":"BXN5t4HO9nBm3DGxti/D3HK4GqMw3W26DMWHcUsu8Ts7","privKey":"uIzM6J8JGvw/GW0FeiAJqAAw6AnJFHxq7HymvOCEDF8="},"lastRemoteEphemeralKey":"BYlhnTOWp8TBDP6HDqObDGHIsCvwcC99yLf/5ILTdBY/","previousCounter":3,"rootKey":"7/nhCujnzGQDYCEuzTSJWQ8qUOIK+o/YA7j31cHMBvw="},"indexInfo":{"baseKey":"Bau6PVRlIfbvRv6CHJN1pwrAZhXxL5cqROlby67HkZ0D","baseKeyType":1,"closed":-1,"used":1691858148245,"created":1691853071860,"remoteIdentityKey":"BYSjYEHjCb3akzCg7PhgwgU72r7kZ04DnbP11kNUUZlu"},"_chains":{"BS2Gm/XitDKQ76+BCs2dmu/gCfUjlp4qQe92yHdMDBNs":{"chainKey":{"counter":1},"chainType":2,"messageKeys":{}},"BYlhnTOWp8TBDP6HDqObDGHIsCvwcC99yLf/5ILTdBY/":{"chainKey":{"counter":20,"key":"rDvTJb9BNj6qFQLtOgo+IqmPjtT6YbNGB9cCkGefTpI="},"chainType":2,"messageKeys":{}},"BXN5t4HO9nBm3DGxti/D3HK4GqMw3W26DMWHcUsu8Ts7":{"chainKey":{"counter":0,"key":"cfzZo3+A1ogLgSCb0zYvbbKVvmsqh62pz4o6gh1nFfw="},"chainType":1,"messageKeys":{}}}}},"version":"v1"}