{"_sessions":{"BUmxkgWH+/IBQXpfc6DWgdXfWLivWow9i0x+QcooQHx8":{"registrationId":10923,"currentRatchet":{"ephemeralKeyPair":{"pubKey":"BQUKFJouREs5BH3qvXqRQPTp8zpzR+RKR0YybWeeYgRV","privKey":"6NwZn9/QOlRUtZmKOST3iuMoxvug5y1uA3dIQojA10M="},"lastRemoteEphemeralKey":"BfBnBRtg4zeKAVIgK7TKojBtTp8uqhDVR4jCfK6kIn8l","previousCounter":0,"rootKey":"v32xftDNjFrB15qWR1ObS1rXuEoFvcECQc1QCSsCw/A="},"indexInfo":{"baseKey":"BUmxkgWH+/IBQXpfc6DWgdXfWLivWow9i0x+QcooQHx8","baseKeyType":2,"closed":-1,"used":1691857566487,"created":1691857566487,"remoteIdentityKey":"BZookQuJUQ0m0J0zxXtdGSs93tu/MZiff2IbFG5Z1ZRe"},"_chains":{"BfBnBRtg4zeKAVIgK7TKojBtTp8uqhDVR4jCfK6kIn8l":{"chainKey":{"counter":11,"key":"cjGJiBhzIf6GkaZxN3eTKzQfXrFVy8xPDN0HzX3812I="},"chainType":2,"messageKeys":{}},"BQUKFJouREs5BH3qvXqRQPTp8zpzR+RKR0YybWeeYgRV":{"chainKey":{"counter":0,"key":"cF3r549p1x2Sr7EFzfbC/uU8I6QEaH3RCCChinF5NPw="},"chainType":1,"messageKeys":{}}}}},"version":"v1"}