{"_sessions":{"BSakKzX6AgwqBOCl2NIxxWUNqKJhl/ca/cngAE9Kc0Q2":{"registrationId":532338623,"currentRatchet":{"ephemeralKeyPair":{"pubKey":"BeLTDPRIRYS6SxUFGkaVLDtxE5K8vQPYeXqbBrAOwRJm","privKey":"IJvA2Zw0uSBK/3cEBjWPe/kOLJx5IxFloLBxnB22F34="},"lastRemoteEphemeralKey":"BXhEMMPkYT7PLk75jpuJpxK+vwIqaJ+DPzclbKaWomB+","previousCounter":0,"rootKey":"TrR8fQ5gllWiPwEY+i5RkMjOFjcJzv3BDpgcjPtQlgA="},"indexInfo":{"baseKey":"BSakKzX6AgwqBOCl2NIxxWUNqKJhl/ca/cngAE9Kc0Q2","baseKeyType":1,"closed":-1,"used":1691858205272,"created":1691858205271,"remoteIdentityKey":"BbIu/b3zo2OFqdu541Kdt/3r/7K2Q3F9WAyEpxEUhEMz"},"_chains":{"BeLTDPRIRYS6SxUFGkaVLDtxE5K8vQPYeXqbBrAOwRJm":{"chainKey":{"counter":0,"key":"Xw8dYrbP81Lj6TnQXovBi5SzeZ1Vf0Lj4nAP48My8mw="},"chainType":1,"messageKeys":{}}},"pendingPreKey":{"signedKeyId":5,"baseKey":"BSakKzX6AgwqBOCl2NIxxWUNqKJhl/ca/cngAE9Kc0Q2","preKeyId":14533270}}},"version":"v1"}