{"_sessions":{"Bb4slXkq4/Pkmc0/4GorL3L20gqDpkgTYc9u2L4J91wS":{"registrationId":833852009,"currentRatchet":{"ephemeralKeyPair":{"pubKey":"BdQ5XOTdJUxkV9yOY2sX+vVC3GI7w97z8x0uijzQHDd6","privKey":"IG50BaMz74qKf0XjHuFsAQDo6yNn0L31zimF3u9bzEw="},"lastRemoteEphemeralKey":"BbFw49PRD3vJHz71dZm0qzKY6QxaWG033R3H6RceS5Fm","previousCounter":0,"rootKey":"eyNYO586g1RNTgqqdPsJLJld5o0XsoKPhY+ILOUgTGI="},"indexInfo":{"baseKey":"Bb4slXkq4/Pkmc0/4GorL3L20gqDpkgTYc9u2L4J91wS","baseKeyType":2,"closed":-1,"used":1691850127796,"created":1691850127796,"remoteIdentityKey":"BUloTMJG3AOjbb4j14gg1HhvAeOuHyCMyQDqwCjjt9dE"},"_chains":{"BbFw49PRD3vJHz71dZm0qzKY6QxaWG033R3H6RceS5Fm":{"chainKey":{"counter":0,"key":"opP70MKh+SaHOT0G9kycd56xuo+2EKG7kf3/Ze7AQ2I="},"chainType":2,"messageKeys":{}},"BdQ5XOTdJUxkV9yOY2sX+vVC3GI7w97z8x0uijzQHDd6":{"chainKey":{"counter":-1,"key":"EAP2HNL2bb/xR1X5goeYat1tcVlxyWn05IG1gC9Gwpk="},"chainType":1,"messageKeys":{}}}}},"version":"v1"}