{"_sessions":{"BT4MZos038NH2ZibDcNo080oa9cE8Gh9mnWRkjlUoNcP":{"registrationId":274435256,"currentRatchet":{"ephemeralKeyPair":{"pubKey":"BQcz3SA6rmEVaWRwFSLbseha52pr2XENlSQLL32UQXFT","privKey":"cI10Lf1rWKuO9ITW1goy0o6+2zangNPhDr6WV9AY9UE="},"lastRemoteEphemeralKey":"BQIgxi+2x0zf9aKCUwoa+5NDwT5EtycFsQ9hK0QiI8ps","previousCounter":0,"rootKey":"/vA1r4NIMrxzMHg7yIklS1mfA2YYOAxsEML2lrHKvYU="},"indexInfo":{"baseKey":"BT4MZos038NH2ZibDcNo080oa9cE8Gh9mnWRkjlUoNcP","baseKeyType":2,"closed":1691850041813,"used":1691634138675,"created":1691634138675,"remoteIdentityKey":"Bb1Lt8yMblHijpkNW9prpyVldEpLx8V6V/NLKqOShLE/"},"_chains":{"BQIgxi+2x0zf9aKCUwoa+5NDwT5EtycFsQ9hK0QiI8ps":{"chainKey":{"counter":1,"key":"3XpIV3V/ryoSrFMUa2HyfzntwWAUA2QW1THH2JuOMP8="},"chainType":2,"messageKeys":{}},"BQcz3SA6rmEVaWRwFSLbseha52pr2XENlSQLL32UQXFT":{"chainKey":{"counter":-1,"key":"EJguW6r+NQmiAsiFDkhiZGZJfEbksxj9mPrJPXmd8I4="},"chainType":1,"messageKeys":{}}}},"BXq735d7S93J0rdNvpA7Mjja0exlKWVM/dTMIb2/DNpT":{"registrationId":423406737,"currentRatchet":{"ephemeralKeyPair":{"pubKey":"BY881njkAa4YqhgPITCbZNiHve95kr6/BYBrt11GuvBR","privKey":"IIskzogxwegnku/0yWOwLQSDRnL4VhP6M8yRtCVCmUo="},"lastRemoteEphemeralKey":"BXcy8p7Ka0A8++p8faBITqWmQAXzzIMzKA9X/ys7Z4Jj","previousCounter":0,"rootKey":"tbP2KEZVW0vmsS+SpZLbd2qP0/n8IZXabE+lqXcF9y4="},"indexInfo":{"baseKey":"BXq735d7S93J0rdNvpA7Mjja0exlKWVM/dTMIb2/DNpT","baseKeyType":2,"closed":-1,"used":1691850041818,"created":1691850041818,"remoteIdentityKey":"BQi/M/tpvMKedO/MX1c8umV0rq+g+u7ywXHZI7QuPmYu"},"_chains":{"BXcy8p7Ka0A8++p8faBITqWmQAXzzIMzKA9X/ys7Z4Jj":{"chainKey":{"counter":3,"key":"6feyo0WSfXbFt3tTVJjojF2Zq1poFKfeFP6vLK8mp3s="},"chainType":2,"messageKeys":{"0":"ymkxZY7RBPyMyA3WfPZGlD12CeMxEqILfd0ona2m/Y4="}},"BY881njkAa4YqhgPITCbZNiHve95kr6/BYBrt11GuvBR":{"chainKey":{"counter":-1,"key":"Ov5As8pgaCtYi1WUzPEZK4s5838pndKi1AlEm3GpzgM="},"chainType":1,"messageKeys":{}}}}},"version":"v1"}