{"_sessions":{"BSKXvgjnqvZTdFvMfCdqD1ZzjrZ9Sbp5DqrpoKmlKK5l":{"registrationId":1803840299,"currentRatchet":{"ephemeralKeyPair":{"pubKey":"Baw7LuYT2k7zxjgPkrOi8ECUAA0kJ7HnjgNj/iy9ShID","privKey":"MHzehWZfrH8Xyzmcb9UXbfVORPrDcBZjeeCK0CtPQnA="},"lastRemoteEphemeralKey":"BSS+CpaLJ5AYFJfzyU7blQLhkK6pORjAmy9rZ8m6EDI1","previousCounter":0,"rootKey":"izpA+ti/+SZcNGOK7W7Gemcv8mHWW3fqMpDc2Bvu9b4="},"indexInfo":{"baseKey":"BSKXvgjnqvZTdFvMfCdqD1ZzjrZ9Sbp5DqrpoKmlKK5l","baseKeyType":2,"closed":-1,"used":1691634138429,"created":1691634138429,"remoteIdentityKey":"BWutJKAN8XQBRUaS4+yJ+kjIwWLEWbj/d9jSZOeMoI9z"},"_chains":{"BSS+CpaLJ5AYFJfzyU7blQLhkK6pORjAmy9rZ8m6EDI1":{"chainKey":{"counter":2,"key":"WGMl/2n8gddV+sOOofWB764h3M6lrjhyukEjjtHg6mQ="},"chainType":2,"messageKeys":{}},"Baw7LuYT2k7zxjgPkrOi8ECUAA0kJ7HnjgNj/iy9ShID":{"chainKey":{"counter":-1,"key":"fhqAFZucqyRexpRLloC7ORRPmA8vujRI5B/bOBQA0g0="},"chainType":1,"messageKeys":{}}}}},"version":"v1"}