{"_sessions":{"BXxz2RciqSvbGU8VVJhPp+kKFOk6ObExhk03vaooLpd5":{"registrationId":8599624,"currentRatchet":{"ephemeralKeyPair":{"pubKey":"BWrUbUH4hec3hZMKlMPcZ7DiltGClG8gZJnE8+fteQ9/","privKey":"iKtAX0gk1mS9nobo+SI3WL9QosxQsX9ti02Yjw4ygVE="},"lastRemoteEphemeralKey":"BdGqGMJRres2S2F9ZFqUemXisXwAcMPjsJr1wfYyg3cy","previousCounter":0,"rootKey":"wafIs99Bj+NZHlqxnlbwjEUQ5QMoHAxyJXa/S4sjUgA="},"indexInfo":{"baseKey":"BXxz2RciqSvbGU8VVJhPp+kKFOk6ObExhk03vaooLpd5","baseKeyType":1,"closed":-1,"used":1691858205361,"created":1691858205361,"remoteIdentityKey":"BbnTNk2/9VPmgX91ncfYCkJjFMP4/uzY1GrC4NUDm/Bd"},"_chains":{"BWrUbUH4hec3hZMKlMPcZ7DiltGClG8gZJnE8+fteQ9/":{"chainKey":{"counter":0,"key":"CGokpBN/r/t7Je4u5MSQydBGCtPZ2e+ItsxPLiN10Jw="},"chainType":1,"messageKeys":{}}},"pendingPreKey":{"signedKeyId":1,"baseKey":"BXxz2RciqSvbGU8VVJhPp+kKFOk6ObExhk03vaooLpd5","preKeyId":14026606}}},"version":"v1"}