{"_sessions":{"BXure/nxZWs2jw12Aqiu+JNkUyDwD5DeLCOVQImFv+5X":{"registrationId":1543442833,"currentRatchet":{"ephemeralKeyPair":{"pubKey":"BXpqYid92+GKp/C6DweKcYfJoEKXV1gApDDMO/CkD5gU","privKey":"EJBL49BnC9nKa9mH0fQQWRNcHxh49Kyc2M1SJp2beGY="},"lastRemoteEphemeralKey":"BZQpq0xa9i/IUF3d89BURpaRsi+xS4LegZEFZzhcwbl3","previousCounter":0,"rootKey":"yYrAMEVrK65mGKeY/oxFpxXtdKlGTy9i/nq3oHhkyZA="},"indexInfo":{"baseKey":"BXure/nxZWs2jw12Aqiu+JNkUyDwD5DeLCOVQImFv+5X","baseKeyType":2,"closed":-1,"used":1691634139486,"created":1691634139486,"remoteIdentityKey":"BYCMT+h+x4zxFsJpFjoX1RMAazUZsRXLGU8BsOvX5Go5"},"_chains":{"BZQpq0xa9i/IUF3d89BURpaRsi+xS4LegZEFZzhcwbl3":{"chainKey":{"counter":7,"key":"Dk63+y1Xo4oMpsY8c8TpSpmsV0ih6q6OHmPsI5WoWjc="},"chainType":2,"messageKeys":{"1":"ClvJ/AiM2zbm5m/rmhlXeI/IpfAxv2RESUxCWqzXtIo=","2":"4LM3Ntp03UXG5oOpeOc4FmSawk5K2T3F865QT0YOeMw=","3":"MhOT/koeEx0pi3ACCK+zvKCWCDa/mKRMMgaUjLOj+nU=","4":"HVRhG3OOiDcodU9ojXOp6mnliKbOe5sIR7qoZ8/MUaE="}},"BXpqYid92+GKp/C6DweKcYfJoEKXV1gApDDMO/CkD5gU":{"chainKey":{"counter":-1,"key":"PFCq5ILvspVrqnZRsJlESYAUBQEKvwzsCVN6kVDaDX8="},"chainType":1,"messageKeys":{}}}}},"version":"v1"}