{"_sessions":{"BaBsikr5II9e0vEEU4MP3vJW/y1y+94mEuzge34pmHd4":{"registrationId":508415701,"currentRatchet":{"ephemeralKeyPair":{"pubKey":"BQ6k8jaLY5n+6k7WTlXOQtr6pD8vOSDOEXSwnuJ4D1xc","privKey":"0Bz1wSLQ5SfetcxpB5VnFReGHRxJDqkCoSwXQJVu420="},"lastRemoteEphemeralKey":"Bf9SiOOrB8VXB4FwV3rRRwvjq1mX0qWjZXso57fedhNk","previousCounter":0,"rootKey":"Uz/dvdpWMGjhiRKlGF4UA/I8X3xr2MP56XATLQ0+pj4="},"indexInfo":{"baseKey":"BaBsikr5II9e0vEEU4MP3vJW/y1y+94mEuzge34pmHd4","baseKeyType":2,"closed":1691850092567,"used":1691850092310,"created":1691850092310,"remoteIdentityKey":"BXW8enq7aswcLWU2IsueOSzJbhVwUTBhf040e4Kj6WlM"},"_chains":{"Bf9SiOOrB8VXB4FwV3rRRwvjq1mX0qWjZXso57fedhNk":{"chainKey":{"counter":0,"key":"2Vcv9Wz5jFk5I1zLRhQUEUa6cEkSM768/jZnWGPbS6A="},"chainType":2,"messageKeys":{}},"BQ6k8jaLY5n+6k7WTlXOQtr6pD8vOSDOEXSwnuJ4D1xc":{"chainKey":{"counter":-1,"key":"DWO0vVeF6h5RYmQi4Z/rDg+0BU4wI+0Lavicc2O5Yxo="},"chainType":1,"messageKeys":{}}}},"BQQZYLfkF5xrozpUC1L4W9xcFFLFo+kMSN4Zl5AgdtNu":{"registrationId":508415701,"currentRatchet":{"ephemeralKeyPair":{"pubKey":"BdR8mTuOxVt+xo/PfB4geOVT4gcPQx6sME6BqFcyHpQt","privKey":"8AbT3ygpzIgSGmv1rqtqj5fbsLnaxxylOzOfvbm+qVY="},"lastRemoteEphemeralKey":"BWm6hHJT07Hd+HvjIsv8nMXTLuVM396ZT27S2kZiw0km","previousCounter":0,"rootKey":"FW0afDcYC+/NAEHJ5WGkfF5xh7uOx9ls9bJ9NMiE0uU="},"indexInfo":{"baseKey":"BQQZYLfkF5xrozpUC1L4W9xcFFLFo+kMSN4Zl5AgdtNu","baseKeyType":2,"closed":1691850093044,"used":1691850092572,"created":1691850092572,"remoteIdentityKey":"BXW8enq7aswcLWU2IsueOSzJbhVwUTBhf040e4Kj6WlM"},"_chains":{"BWm6hHJT07Hd+HvjIsv8nMXTLuVM396ZT27S2kZiw0km":{"chainKey":{"counter":0,"key":"7wwesPL96zKcFltRRvRt7xtGS9qlEg2muW7zKdII29g="},"chainType":2,"messageKeys":{}},"BdR8mTuOxVt+xo/PfB4geOVT4gcPQx6sME6BqFcyHpQt":{"chainKey":{"counter":-1,"key":"7+zujNFQhRjvMTs4TTRfJONKNidrNRpnxvN0r0lej7w="},"chainType":1,"messageKeys":{}}}},"BZNmxuaunOmC2KCacoJ82T+pastn0p0EcbnIg6b0xMta":{"registrationId":508415701,"currentRatchet":{"ephemeralKeyPair":{"pubKey":"BXPEb53BiQfW23/5xXz6mz2aKwQ/FZ8R6adHcYnCRaF6","privKey":"cInBxrTwtQUyosiaslu4iSFAKxzwOStL9Fty7N5JaUQ="},"lastRemoteEphemeralKey":"BaA7mvJuU6its/jlEbAEG2in3EvmpdM9lWPsjj+X+nc8","previousCounter":0,"rootKey":"qtyZ/6ZtP7/RthRPI/fUJRMMW0tVgFw3lH+Mjon4bq4="},"indexInfo":{"baseKey":"BZNmxuaunOmC2KCacoJ82T+pastn0p0EcbnIg6b0xMta","baseKeyType":2,"closed":1691850102205,"used":1691850093051,"created":1691850093051,"remoteIdentityKey":"BXW8enq7aswcLWU2IsueOSzJbhVwUTBhf040e4Kj6WlM"},"_chains":{"BaA7mvJuU6its/jlEbAEG2in3EvmpdM9lWPsjj+X+nc8":{"chainKey":{"counter":0,"key":"Wxa9qFWej0OsaYhV2vHcLHMQPs60p7BpMHC046FGBMg="},"chainType":2,"messageKeys":{}},"BXPEb53BiQfW23/5xXz6mz2aKwQ/FZ8R6adHcYnCRaF6":{"chainKey":{"counter":-1,"key":"CfEY6UcfMG74Z7bWb21noVLUarU7LJZx4Jrv+pHaAbs="},"chainType":1,"messageKeys":{}}}},"BRgics9GkA/uRlEd4pdWCXiXBXbHlHkj9KU1q/LEKZZh":{"registrationId":508415701,"currentRatchet":{"ephemeralKeyPair":{"pubKey":"BYPGsYQg3Beu57MOqY4UE6Yyol6mHJPrhrtj/c55P990","privKey":"wAfNCOzmxJxd2ObD1uSixrvWVoxKoyH6ZAgxD6uf7nM="},"lastRemoteEphemeralKey":"BQe2WdKjuakMr/LLCzqolNmXK5HaotuHciwDMMPnhRhl","previousCounter":0,"rootKey":"rcG/3+3Veeo8bTMA2QV0nkpaoWO1Jk0LRAe1UdUYnsY="},"indexInfo":{"baseKey":"BRgics9GkA/uRlEd4pdWCXiXBXbHlHkj9KU1q/LEKZZh","baseKeyType":2,"closed":1691850123142,"used":1691850102214,"created":1691850102214,"remoteIdentityKey":"BXW8enq7aswcLWU2IsueOSzJbhVwUTBhf040e4Kj6WlM"},"_chains":{"BQe2WdKjuakMr/LLCzqolNmXK5HaotuHciwDMMPnhRhl":{"chainKey":{"counter":1,"key":"nyqZ8gX5kMMJLkfbVuhE6OtJX4Y7v+k7B1JttSAzZ7k="},"chainType":2,"messageKeys":{}},"BYPGsYQg3Beu57MOqY4UE6Yyol6mHJPrhrtj/c55P990":{"chainKey":{"counter":-1,"key":"+RuDQSLQ6dpRWbjrG39GZ2oNLA3XizDN8N5fwjQmgMk="},"chainType":1,"messageKeys":{}}}},"BfmSTIExK3en1ZOSUciGzy5JROh5abfiB4HhM9MaMBUR":{"registrationId":508415701,"currentRatchet":{"ephemeralKeyPair":{"pubKey":"BeEYtLiOB8XsDBtOUHPbIJ2p3K9+2LFtDcVk4fJQBWoi","privKey":"KO9U2KqMb+v2g1c+HZxtlPxRebfn/C397kJG4hHVMVs="},"lastRemoteEphemeralKey":"Bfni99IHl2O775AeoAkK/adzsx0DvZwV0Qe6jP2sIrJb","previousCounter":0,"rootKey":"/QwhEGeNN2b9umRxqgKLHNSbBvHvxjo+eOMWbqi5nBE="},"indexInfo":{"baseKey":"BfmSTIExK3en1ZOSUciGzy5JROh5abfiB4HhM9MaMBUR","baseKeyType":2,"closed":1691850763535,"used":1691850123149,"created":1691850123149,"remoteIdentityKey":"BXW8enq7aswcLWU2IsueOSzJbhVwUTBhf040e4Kj6WlM"},"_chains":{"Bfni99IHl2O775AeoAkK/adzsx0DvZwV0Qe6jP2sIrJb":{"chainKey":{"counter":0,"key":"NJGAPtg2eKoygn3WK+36fVJCXN+dlxcE/18fRghZB+k="},"chainType":2,"messageKeys":{}},"BeEYtLiOB8XsDBtOUHPbIJ2p3K9+2LFtDcVk4fJQBWoi":{"chainKey":{"counter":-1,"key":"k/QoJVuEkXcOaes1kjcMviud+0jcgf4lVtT4sb2sWRA="},"chainType":1,"messageKeys":{}}}},"BVqdGZtCz+vJGjR6MhseBz7O938zrGXkZeJtNAQG8Q4Q":{"registrationId":508415701,"currentRatchet":{"ephemeralKeyPair":{"pubKey":"Be64T3HGkM41BEzJRPZKUpKZJGjrMZw/Bkn1NuCkmnhT","privKey":"+KTVNFSodVXw1gv2FmhN4MslxjKbCQ4IayHdRpC1yVg="},"lastRemoteEphemeralKey":"BWL8I8Uzcdl2FUIieksaEbhKH8ryB11GFBkTrIvgSxsE","previousCounter":0,"rootKey":"rRHgHVdogqJvpevDjeWY1VEY8N13Mq+HERTxssOXogw="},"indexInfo":{"baseKey":"BVqdGZtCz+vJGjR6MhseBz7O938zrGXkZeJtNAQG8Q4Q","baseKeyType":2,"closed":-1,"used":1691855496799,"created":1691850763546,"remoteIdentityKey":"BXW8enq7aswcLWU2IsueOSzJbhVwUTBhf040e4Kj6WlM"},"_chains":{"BSOG9ET9mxJOk+mRQ7d1jEnfSr5ec/Xw38Duy3BifPIy":{"chainKey":{"counter":1},"chainType":2,"messageKeys":{"0":"PYZ28KFn2gD0ar5GIVA9dRcrTJVq4iDAIzX6V5P87FA="}},"BQLKR9R8iEcEn19blLmAyHu4WEqhb8dC1tY7WGRBDgsw":{"chainKey":{"counter":5},"chainType":2,"messageKeys":{}},"BbKOKB1xvrqSTZ/1U5WBsHsGbOzG6CNG/crMFlyslns0":{"chainKey":{"counter":0},"chainType":2,"messageKeys":{}},"BVGNesmCmbowZvkQQk+4HU5UmsfNeiIG/Mx1+1FQCKw8":{"chainKey":{"counter":3},"chainType":2,"messageKeys":{}},"BW7rk8XZtXySLxwNFjICeigjqdQJr6a0oJYVYFSMwnpA":{"chainKey":{"counter":4},"chainType":2,"messageKeys":{}},"BY76oFrg9oT+JXpYHWcv6AklgqHUWdf7xNnun0rDld9n":{"chainKey":{"counter":1},"chainType":2,"messageKeys":{}},"BYxmW0oKaTY918ZdqRqGDVDEX73S58OMsnucJq52ou1y":{"chainKey":{"counter":2},"chainType":2,"messageKeys":{}},"BUoEwHSK/jNIcty+36SI2ZZYfnY6t2cHDsKhtPFZZBhm":{"chainKey":{"counter":0},"chainType":2,"messageKeys":{}},"BWZr0fHJCf4ipzW9ptGeejmgsyflfFwfDNgo9sIxD4sF":{"chainKey":{"counter":0},"chainType":2,"messageKeys":{}},"BeM2LOEe43F+QvjLueSrI+zpqQcngEgGlfxgt/wlh+MC":{"chainKey":{"counter":0},"chainType":2,"messageKeys":{}},"BR7mPim/gDsNUoaKy5KHb1d0xQJ6IBB9sIX9VzwTT8tz":{"chainKey":{"counter":0},"chainType":2,"messageKeys":{}},"BRWPFXr7D7+fAJYIsBnC5QODE/M7wX7cszIUz8GYVXYT":{"chainKey":{"counter":0},"chainType":2,"messageKeys":{}},"BZfypJdHzzn5djH7fwwoMluFNTHIyUE0HeVtuDDMLxU4":{"chainKey":{"counter":0},"chainType":2,"messageKeys":{}},"BcQ/71Tbrrb0pn/FjUygRvzSeq8ar3aUQCKTIbGpqI4L":{"chainKey":{"counter":3},"chainType":2,"messageKeys":{}},"BagZe5TE1rQ9cvgHgMFys2CdHSoa3Alvrkl0fj9ivGM9":{"chainKey":{"counter":4},"chainType":2,"messageKeys":{}},"BRZMtrvDG5K+wZnTD/VzTx57D7gYNroHwiZMSrnzPX0J":{"chainKey":{"counter":3},"chainType":2,"messageKeys":{}},"BR15K944MkW52VU7Df6SKysiJsy75Lt//VDG7FzmTiZj":{"chainKey":{"counter":1},"chainType":2,"messageKeys":{}},"BWAIaHtKRoxDzohW3yOHSR1dszVjOPZIm6mtNXnoUMQr":{"chainKey":{"counter":0},"chainType":2,"messageKeys":{}},"BWL8I8Uzcdl2FUIieksaEbhKH8ryB11GFBkTrIvgSxsE":{"chainKey":{"counter":2,"key":"78riZgk6hAZOKd6/cBpJbJNWCMb7CCEBAqzyCAVsY1A="},"chainType":2,"messageKeys":{}},"Be64T3HGkM41BEzJRPZKUpKZJGjrMZw/Bkn1NuCkmnhT":{"chainKey":{"counter":1,"key":"eGW6yRES+THX//6lZigLxFvdLmUeUs1x8H4itVrtBMw="},"chainType":1,"messageKeys":{}}}}},"version":"v1"}