{"_sessions":{"BRT6Zo5zPCmoxbnxB4vfoACLhXiSmfcwPjhYA8jFogI1":{"registrationId":1135299330,"currentRatchet":{"ephemeralKeyPair":{"pubKey":"BQ2fMFLkK3YE1J9ybWIRk4r8hhWfYS0TNao1XBDLC6hj","privKey":"QHKG8GIpZaw2qj1DgGVYMnP8+tCMD4YkJzw9Jxfwt0E="},"lastRemoteEphemeralKey":"BRpGPruh1FZagTCvfbGyB/CGDejdeNBGey+356iiyehm","previousCounter":0,"rootKey":"R2NyUxv5CzpWTNpk7WRFDCWg3nDgbDCR1qCuL9O1Zpk="},"indexInfo":{"baseKey":"BRT6Zo5zPCmoxbnxB4vfoACLhXiSmfcwPjhYA8jFogI1","baseKeyType":2,"closed":1691850122033,"used":1691850121503,"created":1691850121503,"remoteIdentityKey":"BZdq+43pJRY91i9VxlM86ZHIehYric5ZVxoxagEXfWQb"},"_chains":{"BRpGPruh1FZagTCvfbGyB/CGDejdeNBGey+356iiyehm":{"chainKey":{"counter":0,"key":"x9BisWnECWWhs4mgGai0zd0qTmKfyBdapmRxIUz+mjI="},"chainType":2,"messageKeys":{}},"BQ2fMFLkK3YE1J9ybWIRk4r8hhWfYS0TNao1XBDLC6hj":{"chainKey":{"counter":1,"key":"tE3kI+Lom8WxGoyBOVJ8598NWCwXhOwP0Emi0d0tl1g="},"chainType":1,"messageKeys":{}}}},"BQLsviZM4dUJtGoz6dBQ6iMgGlNR+hZu6WuzovPS1NZt":{"registrationId":1135299330,"currentRatchet":{"ephemeralKeyPair":{"pubKey":"BX3BFt4vvAxHELw47VpLTinbf6exaqo4pEaNQCqqWvkN","privKey":"6EVq8gCkHDvsrhYhNXoMa6t8LY9OJp3seOnbk/NVJ3E="},"lastRemoteEphemeralKey":"BRKiVOADsWq81t/bZ1+F/cdij4n3ByGmnb+3xpFaREdG","previousCounter":0,"rootKey":"Lri4ohzS35r/BYClfv14yYQ+b6Lwy4t2rlUKh3J/B1A="},"indexInfo":{"baseKey":"BQLsviZM4dUJtGoz6dBQ6iMgGlNR+hZu6WuzovPS1NZt","baseKeyType":2,"closed":-1,"used":1691851908560,"created":1691850122038,"remoteIdentityKey":"BZdq+43pJRY91i9VxlM86ZHIehYric5ZVxoxagEXfWQb"},"_chains":{"Ba3KgYD0b7cBlcn/cbTIIS+orj6pUvILqRWLdl4NtbEt":{"chainKey":{"counter":0},"chainType":2,"messageKeys":{}},"BRKiVOADsWq81t/bZ1+F/cdij4n3ByGmnb+3xpFaREdG":{"chainKey":{"counter":3,"key":"cWMDQBwUO+PberuqRRqBkZyqZXU1A3NJwbMaprmNt7w="},"chainType":2,"messageKeys":{}},"BX3BFt4vvAxHELw47VpLTinbf6exaqo4pEaNQCqqWvkN":{"chainKey":{"counter":-1,"key":"us+syRC0SLnsS1aACdQ0d5eBBrhTqoO2jhki3mVFjtI="},"chainType":1,"messageKeys":{}}}}},"version":"v1"}