{"_sessions":{"BTME81AgdY1hxqMpw1FpflvJeizxwhKFw/IIfqaa9B9g":{"registrationId":1737739074,"currentRatchet":{"ephemeralKeyPair":{"pubKey":"BaE25xDftcNDxKzBg9hg9eogBrmVRQDNn66ba04827dz","privKey":"GFQobEm+S+SVaHm1qRbce0Uv8YzyCrh73CsdIsV3QFw="},"lastRemoteEphemeralKey":"BUt5frV7SILda2KOmNmSPlvbgbE5T1IxbsQ2Sl8DPjla","previousCounter":0,"rootKey":"oEMY8g/z0kQNmEpxbXOw4bGefgnsQz0XuzJ7zvlsaRA="},"indexInfo":{"baseKey":"BTME81AgdY1hxqMpw1FpflvJeizxwhKFw/IIfqaa9B9g","baseKeyType":1,"closed":-1,"used":1691858205375,"created":1691858205375,"remoteIdentityKey":"BQaw4zwuga+z7rfOYkPqrv8yfrvjM+/W6j5hBI186aNZ"},"_chains":{"BaE25xDftcNDxKzBg9hg9eogBrmVRQDNn66ba04827dz":{"chainKey":{"counter":0,"key":"/rusJ8yF8CPEddjyQUMe1yxEbSBK8gFhZW8KXKASvUA="},"chainType":1,"messageKeys":{}}},"pendingPreKey":{"signedKeyId":1,"baseKey":"BTME81AgdY1hxqMpw1FpflvJeizxwhKFw/IIfqaa9B9g","preKeyId":7732005}}},"version":"v1"}