{"_sessions":{"BX5LrN+mCYhFfpQJhEU64YpKQtqSQonomo1fe4TIkfpJ":{"registrationId":1600284149,"currentRatchet":{"ephemeralKeyPair":{"pubKey":"BRW2vPvI9yc4zSdioVp3xNafVuNpL1BZUPIMCUeya8hm","privKey":"8EW2HWstHv1hBRK1xB9L+aAJGZcq0tslyShUq4+EYmo="},"lastRemoteEphemeralKey":"BQeHPpuMAcg611jXq60sGR2d7L3GrtCzBnCKYvnIJpR3","previousCounter":0,"rootKey":"BgKAWjub+YMijJnF7qvZC9NzySoBIRwUiNyaVQA9BgY="},"indexInfo":{"baseKey":"BX5LrN+mCYhFfpQJhEU64YpKQtqSQonomo1fe4TIkfpJ","baseKeyType":2,"closed":1691850108609,"used":1691850108256,"created":1691850108256,"remoteIdentityKey":"BcDhINdGfPAK54g8Hru1IV6LD0sC0KdmQia26mC2Ti45"},"_chains":{"BQeHPpuMAcg611jXq60sGR2d7L3GrtCzBnCKYvnIJpR3":{"chainKey":{"counter":0,"key":"6bJ1kyHUWBEfU7fqKRk8ooYTcLPlMH246/W5DcEqVvQ="},"chainType":2,"messageKeys":{}},"BRW2vPvI9yc4zSdioVp3xNafVuNpL1BZUPIMCUeya8hm":{"chainKey":{"counter":-1,"key":"7t1CjBZaflIw4Mhik+wekzbkRSGu1oI2TRSFq7Fee0Q="},"chainType":1,"messageKeys":{}}}},"BX2iZzIeSCtLN4eHgl5f3sDhMmv8+V1XfYhuKyfwgLVw":{"registrationId":1600284149,"currentRatchet":{"ephemeralKeyPair":{"pubKey":"BbLG3JmxPI7clztjiIgi2Ckq198cBNzCwwSlRvmsgss/","privKey":"ACnKRog1B/ppAYr9wcuPgit+iXAfMxKssEgVjU9JOWM="},"lastRemoteEphemeralKey":"BdaD5V9MVstSQOu5Bfd4rQ1I7qPwFqMHDH8SlovRn7lo","previousCounter":0,"rootKey":"Nti3gFqwJuYjQK22mwu9Jr+tXOu8XFsSamYf++KCNjg="},"indexInfo":{"baseKey":"BX2iZzIeSCtLN4eHgl5f3sDhMmv8+V1XfYhuKyfwgLVw","baseKeyType":2,"closed":1691850108861,"used":1691850108617,"created":1691850108617,"remoteIdentityKey":"BcDhINdGfPAK54g8Hru1IV6LD0sC0KdmQia26mC2Ti45"},"_chains":{"BdaD5V9MVstSQOu5Bfd4rQ1I7qPwFqMHDH8SlovRn7lo":{"chainKey":{"counter":0,"key":"O+yDc6gC9Lw0yegKsWtGWmqKvpwDRwNLOEMVt67cN/U="},"chainType":2,"messageKeys":{}},"BbLG3JmxPI7clztjiIgi2Ckq198cBNzCwwSlRvmsgss/":{"chainKey":{"counter":-1,"key":"LVDxe55VmWTAxPIUgFcGuinos1E2T1Qn22oSZcGQaoE="},"chainType":1,"messageKeys":{}}}},"BShi01Jz7lH98CndBe4E14tZr3Kt+pqZnG8FgitPeyJ/":{"registrationId":1600284149,"currentRatchet":{"ephemeralKeyPair":{"pubKey":"BZQm8PAdd4e+TGK/K2QMNsz976AI33id4PuhYCJPDKhP","privKey":"mPj+6PURQEqua0goUMTXn7840LQv0L/BAEMYDP/6A28="},"lastRemoteEphemeralKey":"BcBGpCCNFm1R/CJcDzx83ZFBCKO8wvyDNpw3Au5971FS","previousCounter":0,"rootKey":"ZfDOAEhR+pcShhMpwlIX6Ax0mf42sVw14nw+nKx+bLY="},"indexInfo":{"baseKey":"BShi01Jz7lH98CndBe4E14tZr3Kt+pqZnG8FgitPeyJ/","baseKeyType":2,"closed":1691850109139,"used":1691850108871,"created":1691850108871,"remoteIdentityKey":"BcDhINdGfPAK54g8Hru1IV6LD0sC0KdmQia26mC2Ti45"},"_chains":{"BcBGpCCNFm1R/CJcDzx83ZFBCKO8wvyDNpw3Au5971FS":{"chainKey":{"counter":0,"key":"//8R/oTJ/SINEGVfQEEB0OHF58eBJhSp+DTKetNZx5Q="},"chainType":2,"messageKeys":{}},"BZQm8PAdd4e+TGK/K2QMNsz976AI33id4PuhYCJPDKhP":{"chainKey":{"counter":-1,"key":"YLbIkrCqh2EnPUBljxZwQwsUJRXJmsArettOQHXjBkg="},"chainType":1,"messageKeys":{}}}},"BZFGc7H4AZInhtASF6YZjy6hmV28jFO/xnfWizl3aChu":{"registrationId":1600284149,"currentRatchet":{"ephemeralKeyPair":{"pubKey":"BUXyKFc8DQ3muFqxzr4PoUExsqa/SsBxmrBHc40Wh2QB","privKey":"sCC6USeWbOIltFTF/wXBGFrk3d3A5IQNGNixmM/CeHQ="},"lastRemoteEphemeralKey":"BQFIzCUF2Eg9AlbVTAYP0Py9+8pS433J3o+z3zgMAd0+","previousCounter":0,"rootKey":"/UidkxQ6GGGB5zoa/dxoxs4hUS6y0knTeCmjxilV4f0="},"indexInfo":{"baseKey":"BZFGc7H4AZInhtASF6YZjy6hmV28jFO/xnfWizl3aChu","baseKeyType":2,"closed":1691850109460,"used":1691850109148,"created":1691850109148,"remoteIdentityKey":"BcDhINdGfPAK54g8Hru1IV6LD0sC0KdmQia26mC2Ti45"},"_chains":{"BQFIzCUF2Eg9AlbVTAYP0Py9+8pS433J3o+z3zgMAd0+":{"chainKey":{"counter":0,"key":"kpgDsHhfjbyBdlO/Kwct7gdlYxVlr4h1BMvpWmLJ/tY="},"chainType":2,"messageKeys":{}},"BUXyKFc8DQ3muFqxzr4PoUExsqa/SsBxmrBHc40Wh2QB":{"chainKey":{"counter":-1,"key":"TzmUPaUmFf9bg0hGHCKtjbcrghRUY+snQt77UuF4Sfg="},"chainType":1,"messageKeys":{}}}},"BUQ7+aHralidwUvdSl3GrLpp5VQ5qbCV48/3gTh4j0R+":{"registrationId":1600284149,"currentRatchet":{"ephemeralKeyPair":{"pubKey":"BaZM0CnZwKuO7+Kg0AdMBPuYPv2GlrK8J700qrkQ5eIQ","privKey":"yPDsJ1Ue96ie9Pm8lGQfHiwaX84z6ADfZn0S6bW8WkY="},"lastRemoteEphemeralKey":"BZZsVhIeTsZbmWYVmDyvkg52DQf4dLzAqBzIT0lc4E9a","previousCounter":0,"rootKey":"635fM+dSw5GUyEmw4dsHzasAFTzLKpA3/zpYAoBcDgU="},"indexInfo":{"baseKey":"BUQ7+aHralidwUvdSl3GrLpp5VQ5qbCV48/3gTh4j0R+","baseKeyType":2,"closed":1691850109782,"used":1691850109473,"created":1691850109473,"remoteIdentityKey":"BcDhINdGfPAK54g8Hru1IV6LD0sC0KdmQia26mC2Ti45"},"_chains":{"BZZsVhIeTsZbmWYVmDyvkg52DQf4dLzAqBzIT0lc4E9a":{"chainKey":{"counter":0,"key":"MTu/68TDbCox7qhd10fxjW0WX63ZS4kSg81dKevB2VA="},"chainType":2,"messageKeys":{}},"BaZM0CnZwKuO7+Kg0AdMBPuYPv2GlrK8J700qrkQ5eIQ":{"chainKey":{"counter":-1,"key":"3JY7PuT7FFQJ1LOWIqgLu1MKgyb2h8jslYxefmMUciU="},"chainType":1,"messageKeys":{}}}},"BXC0NJh+U8L0hWjcq7J4cJD6+CdcaVRgsLhuhy5BHF4f":{"registrationId":1600284149,"currentRatchet":{"ephemeralKeyPair":{"pubKey":"Bfd5VuHOF+BtFDnvV/GFdlROewzaiou7mj3d1K245pMb","privKey":"mEVan2kxkn2CFq65CYWjFCNrk+Kc0vMsz0P7wSa4QHs="},"lastRemoteEphemeralKey":"BWexA76bNplBV/ugRwqcbh08WOQ9u4gyqGTs2s8wbKRC","previousCounter":0,"rootKey":"QlEBWjm/qJ1pWPH8/q8VHsFrcwMmTbC8CONTVeTQ1lI="},"indexInfo":{"baseKey":"BXC0NJh+U8L0hWjcq7J4cJD6+CdcaVRgsLhuhy5BHF4f","baseKeyType":2,"closed":1691850110074,"used":1691850109807,"created":1691850109807,"remoteIdentityKey":"BcDhINdGfPAK54g8Hru1IV6LD0sC0KdmQia26mC2Ti45"},"_chains":{"BWexA76bNplBV/ugRwqcbh08WOQ9u4gyqGTs2s8wbKRC":{"chainKey":{"counter":0,"key":"7SUJR5J2YU9IV3oT/7+3AJQuvr4G7zVrAUUvQMIK6SA="},"chainType":2,"messageKeys":{}},"Bfd5VuHOF+BtFDnvV/GFdlROewzaiou7mj3d1K245pMb":{"chainKey":{"counter":-1,"key":"o/f3tKFWFFM+FJsuV/KRghh4WpGzkNWPHA60rQ6CiwI="},"chainType":1,"messageKeys":{}}}},"BeRKGvdffJsyBmQNpxTYBX4n2dhuenWq5k0kEhvLQjYm":{"registrationId":1600284149,"currentRatchet":{"ephemeralKeyPair":{"pubKey":"BYAd60SKxHOcCaI2xOq6/tsGG8qJXKbjJfPFN0Qa75IH","privKey":"mCMSncmlIwboxIV4zmuUlIP38xe6p/BATdhf20gbHGA="},"lastRemoteEphemeralKey":"BVsEj54J5vJilB27pvKKodvA8Tm3AL14acuLb1tGeeAe","previousCounter":0,"rootKey":"9aaWgQ8Yjw++hNl9eqcAd2YEaVZDvJ/fEIgwez6zrSI="},"indexInfo":{"baseKey":"BeRKGvdffJsyBmQNpxTYBX4n2dhuenWq5k0kEhvLQjYm","baseKeyType":2,"closed":1691850110395,"used":1691850110079,"created":1691850110079,"remoteIdentityKey":"BcDhINdGfPAK54g8Hru1IV6LD0sC0KdmQia26mC2Ti45"},"_chains":{"BVsEj54J5vJilB27pvKKodvA8Tm3AL14acuLb1tGeeAe":{"chainKey":{"counter":0,"key":"PJ7kcrWtrPEPBasu3XriCqSoXAyNU4P1/Ml9GiqsMVw="},"chainType":2,"messageKeys":{}},"BYAd60SKxHOcCaI2xOq6/tsGG8qJXKbjJfPFN0Qa75IH":{"chainKey":{"counter":-1,"key":"RczaOTdpQolOFI0RZFBSpGaXwyizF98mk1F4ebkcitA="},"chainType":1,"messageKeys":{}}}},"BSfG4cp650NMQejrn8l5+Owc7jzqZK5pNZFAxxiRvaZz":{"registrationId":1600284149,"currentRatchet":{"ephemeralKeyPair":{"pubKey":"BVD14BmSPHzBctZumPogXNZeMzsEmtLUsDNhACTamqd5","privKey":"yJQbXKWBuhleoysV0jMg1fE7L9sMld/sPgCk7tr2TE4="},"lastRemoteEphemeralKey":"BVP03q24siLy0p3Xd/Vt8Dl7joQOYAo8jZr07ycTxkh0","previousCounter":0,"rootKey":"5RVsuIp1mRTijsEvMDSnPA3U/6XCASdx5O6z2t+flsg="},"indexInfo":{"baseKey":"BSfG4cp650NMQejrn8l5+Owc7jzqZK5pNZFAxxiRvaZz","baseKeyType":2,"closed":1691850111028,"used":1691850110405,"created":1691850110405,"remoteIdentityKey":"BcDhINdGfPAK54g8Hru1IV6LD0sC0KdmQia26mC2Ti45"},"_chains":{"BVP03q24siLy0p3Xd/Vt8Dl7joQOYAo8jZr07ycTxkh0":{"chainKey":{"counter":0,"key":"eFtn+XtUdtsScFERLj5H1Hq2tKf+jfZYeSn5duDQMWU="},"chainType":2,"messageKeys":{}},"BVD14BmSPHzBctZumPogXNZeMzsEmtLUsDNhACTamqd5":{"chainKey":{"counter":-1,"key":"KGAMqXZV0aeeuBgNApjrPH/1m7Lmyk5bGvniYm10MGU="},"chainType":1,"messageKeys":{}}}},"BZb1C7CfFMpVDi/xSnLzzf0Vw6cIMK+OpWd4WXJBNh0p":{"registrationId":1600284149,"currentRatchet":{"ephemeralKeyPair":{"pubKey":"Bc8VzTLmC4xcaHzsFsDY7DGtOWIrd1/aJh9lwjitKIVt","privKey":"IInFSwxBzbLiFdLCL+okIITyKLJvchqsqJBVZTbSqWk="},"lastRemoteEphemeralKey":"BbaRPgkZAbSuTZT0W6/HqTJE2f/OANq+V8BwGlOQlUI7","previousCounter":0,"rootKey":"u6+8hOAM3C8lGu48V940ohKZ37BZi+owwugROU7/SDs="},"indexInfo":{"baseKey":"BZb1C7CfFMpVDi/xSnLzzf0Vw6cIMK+OpWd4WXJBNh0p","baseKeyType":2,"closed":1691850111520,"used":1691850111035,"created":1691850111035,"remoteIdentityKey":"BcDhINdGfPAK54g8Hru1IV6LD0sC0KdmQia26mC2Ti45"},"_chains":{"BbaRPgkZAbSuTZT0W6/HqTJE2f/OANq+V8BwGlOQlUI7":{"chainKey":{"counter":1,"key":"A8b01uV9i5ljTaGVY2HmWI+JghTV1QzBbbyXVABMYpk="},"chainType":2,"messageKeys":{}},"Bc8VzTLmC4xcaHzsFsDY7DGtOWIrd1/aJh9lwjitKIVt":{"chainKey":{"counter":-1,"key":"kHVGx89UkdD/58y7S4RPS5XnMCIlqbyFjr6tNjD8MgM="},"chainType":1,"messageKeys":{}}}},"Bdh6YUg2ZB06UZGi9eh9oVxNz4tbF6hA6hQs9M+Vrd52":{"registrationId":1600284149,"currentRatchet":{"ephemeralKeyPair":{"pubKey":"BcDaBA8/dyW5KhXfvyhq4vz2mqbGHtUJ4BQ6ef6tQpBp","privKey":"GHBgCqESi2ZYaf8DNDfV5oeoAX/odK9hxrBVmwa3UV4="},"lastRemoteEphemeralKey":"BWmSK7HhjcqsfSOpTUSj+W9dYiVJd5Euy/v6TYhewVwq","previousCounter":0,"rootKey":"9cDIhEShlVUQQ2Jc9cTAjXIhgKKpdwaXOr5wI7lkqjY="},"indexInfo":{"baseKey":"Bdh6YUg2ZB06UZGi9eh9oVxNz4tbF6hA6hQs9M+Vrd52","baseKeyType":2,"closed":1691850111798,"used":1691850111526,"created":1691850111526,"remoteIdentityKey":"BcDhINdGfPAK54g8Hru1IV6LD0sC0KdmQia26mC2Ti45"},"_chains":{"BWmSK7HhjcqsfSOpTUSj+W9dYiVJd5Euy/v6TYhewVwq":{"chainKey":{"counter":0,"key":"HpkU8nXSUM+ow1zpzKUNes4faKY37qqeouCm0jONL4w="},"chainType":2,"messageKeys":{}},"BcDaBA8/dyW5KhXfvyhq4vz2mqbGHtUJ4BQ6ef6tQpBp":{"chainKey":{"counter":-1,"key":"SW7D09V7gm1iy4VJfRbEzU34b26DBeXPLf8a4q/7ZZw="},"chainType":1,"messageKeys":{}}}},"BQF0xHOSlE4UrdQgjwE4ou5A0ht8ymZXXlGRZYp6jJUe":{"registrationId":1600284149,"currentRatchet":{"ephemeralKeyPair":{"pubKey":"Bf6/DrLNWyiaPIL1KZFRVDPnfy+wARiButZiHAueMLRw","privKey":"cII2tc+B0URIgy8APv7jfgEK0R66/EMbzUopWG/XKU0="},"lastRemoteEphemeralKey":"Ba59Q1OIlBwZFtAgGnuInWc45QaHMbN1BxhEPJXyXGQj","previousCounter":0,"rootKey":"RvfOmBimSK6FwYl1Ni5mJG0c4IyG4v5YtS3jZ7DPmi8="},"indexInfo":{"baseKey":"BQF0xHOSlE4UrdQgjwE4ou5A0ht8ymZXXlGRZYp6jJUe","baseKeyType":2,"closed":1691850112376,"used":1691850111803,"created":1691850111803,"remoteIdentityKey":"BcDhINdGfPAK54g8Hru1IV6LD0sC0KdmQia26mC2Ti45"},"_chains":{"Ba59Q1OIlBwZFtAgGnuInWc45QaHMbN1BxhEPJXyXGQj":{"chainKey":{"counter":0,"key":"QaYvRS6/FQVaJK3m4ZOkEFdNiDCGg334VCknFSpYHIs="},"chainType":2,"messageKeys":{}},"Bf6/DrLNWyiaPIL1KZFRVDPnfy+wARiButZiHAueMLRw":{"chainKey":{"counter":-1,"key":"rk3/t6muOU+cwJEiw8cgrfgRM9yH9jXk7hgg6c3VP6c="},"chainType":1,"messageKeys":{}}}},"BfUbiGiXabm/7JZOIuX0PH4bw+okKgelzGFNcsFRqx1F":{"registrationId":1600284149,"currentRatchet":{"ephemeralKeyPair":{"pubKey":"BRAKyVaToBT0qR9JjbzjWHeYFodH8ZuT+cJ6VmqRri9Y","privKey":"2APF6++H3fKkr8jAH9k8u0jJgfYFSDxujZQPY15ZWkg="},"lastRemoteEphemeralKey":"BUF2M4lcS2QdWGWT14doUdMW0FRxUWiVdyVR0oUlLqMs","previousCounter":0,"rootKey":"Y8OREyynlZ4UWyK7eq6QFlgEHS5hZLfDsFC3s5rLYYA="},"indexInfo":{"baseKey":"BfUbiGiXabm/7JZOIuX0PH4bw+okKgelzGFNcsFRqx1F","baseKeyType":2,"closed":1691850112934,"used":1691850112385,"created":1691850112385,"remoteIdentityKey":"BcDhINdGfPAK54g8Hru1IV6LD0sC0KdmQia26mC2Ti45"},"_chains":{"BUF2M4lcS2QdWGWT14doUdMW0FRxUWiVdyVR0oUlLqMs":{"chainKey":{"counter":0,"key":"tiFs3GJM+C2IzTyKBpKbMsACJ60Jefu+CH0qVAQF19g="},"chainType":2,"messageKeys":{}},"BRAKyVaToBT0qR9JjbzjWHeYFodH8ZuT+cJ6VmqRri9Y":{"chainKey":{"counter":-1,"key":"4Lzzlk3mP12DcW5BqooDDSAm/VRplFFMM2lqaMT7h20="},"chainType":1,"messageKeys":{}}}},"BZrABUMXE7NxbJ7VPssmOD20UrPHu0ODWQeqTXHCIy0d":{"registrationId":1600284149,"currentRatchet":{"ephemeralKeyPair":{"pubKey":"BQrtGCQWnj0zT3DOLGCsKR7Zr3k53K9xj0uTby59fYg9","privKey":"gLWySV67j7j3BM7KW7rCr8FxJaR+JMxDgcpSmoWtwGQ="},"lastRemoteEphemeralKey":"BVl6XQMdFM7Hl6I6l0DMqu+SCIPSql4pzyjQvwjsyM0Z","previousCounter":0,"rootKey":"Wpp5hgq56/NXFP+RZRKYDaaE5WypJPART33+TEHO2MQ="},"indexInfo":{"baseKey":"BZrABUMXE7NxbJ7VPssmOD20UrPHu0ODWQeqTXHCIy0d","baseKeyType":2,"closed":1691850113606,"used":1691850112940,"created":1691850112940,"remoteIdentityKey":"BcDhINdGfPAK54g8Hru1IV6LD0sC0KdmQia26mC2Ti45"},"_chains":{"BVl6XQMdFM7Hl6I6l0DMqu+SCIPSql4pzyjQvwjsyM0Z":{"chainKey":{"counter":0,"key":"q5StUtm/EGso3eGQisoPk6pb+7/iW4QUP2b9BLmbkj0="},"chainType":2,"messageKeys":{}},"BQrtGCQWnj0zT3DOLGCsKR7Zr3k53K9xj0uTby59fYg9":{"chainKey":{"counter":-1,"key":"bNBs/H/1v28xpHoSwjdw3fL212hnzOuy711ZGnUTbaE="},"chainType":1,"messageKeys":{}}}},"BaxyY5TNZAGl9QKCsXFD4Gb5JHLHkjoQJh9PllcAENZh":{"registrationId":1600284149,"currentRatchet":{"ephemeralKeyPair":{"pubKey":"BaxlICy9YadtbgIHP8vfL5u87avnskAtXea/N6OixPZh","privKey":"MIaK/1ecK1Mx0clDg+gV3PKiGY9oRpEfI5B8m26jqUU="},"lastRemoteEphemeralKey":"BaS+6SXCAAOsKJidbX10VYWsSqkWLYYuQVwNMScgbYhk","previousCounter":0,"rootKey":"hE7dcWo2bjjTW3BnG0E0GPI7wbQMvTwGIegkxucprLU="},"indexInfo":{"baseKey":"BaxyY5TNZAGl9QKCsXFD4Gb5JHLHkjoQJh9PllcAENZh","baseKeyType":2,"closed":1691850113883,"used":1691850113614,"created":1691850113614,"remoteIdentityKey":"BcDhINdGfPAK54g8Hru1IV6LD0sC0KdmQia26mC2Ti45"},"_chains":{"BaS+6SXCAAOsKJidbX10VYWsSqkWLYYuQVwNMScgbYhk":{"chainKey":{"counter":0,"key":"iaGs8Rd1EUm9bF9RiO0w178wjVkcYIwAlRLqIKGSasE="},"chainType":2,"messageKeys":{}},"BaxlICy9YadtbgIHP8vfL5u87avnskAtXea/N6OixPZh":{"chainKey":{"counter":-1,"key":"Dn/c+R8L3iDQtf/UtSH2RVhtW3vRYt4VMzYba6AKSEY="},"chainType":1,"messageKeys":{}}}},"BQF3pdDmuDSiUtodL/syQAgS5uwVfYFSUr9iWQuI4TY1":{"registrationId":1600284149,"currentRatchet":{"ephemeralKeyPair":{"pubKey":"BQht7/JqaGu3BVrM2PygdWDhBs0Jk/VYv1AWKgPbWNsx","privKey":"mOrpfY9Ld78GR389SQhHkSEajMso+7KRP1JlVGAuLk0="},"lastRemoteEphemeralKey":"BZWJpkjfrOnhoUdCccpjMDgQ5e1TRgUsj39IyzUH10ky","previousCounter":0,"rootKey":"N6AH4X6NOtlVR9M9tzhyg9nQZ9fdNcsNeL5WKipJOhs="},"indexInfo":{"baseKey":"BQF3pdDmuDSiUtodL/syQAgS5uwVfYFSUr9iWQuI4TY1","baseKeyType":2,"closed":1691850114075,"used":1691850113889,"created":1691850113889,"remoteIdentityKey":"BcDhINdGfPAK54g8Hru1IV6LD0sC0KdmQia26mC2Ti45"},"_chains":{"BZWJpkjfrOnhoUdCccpjMDgQ5e1TRgUsj39IyzUH10ky":{"chainKey":{"counter":0,"key":"KRsXDxCI98wvarFYMhXjUekyQmXvfK0PIK+7fSA6nyg="},"chainType":2,"messageKeys":{}},"BQht7/JqaGu3BVrM2PygdWDhBs0Jk/VYv1AWKgPbWNsx":{"chainKey":{"counter":-1,"key":"tYn3BjuVX7ESZN1BD/Lwn2veiKnlHl9gkCGjLO6Al3g="},"chainType":1,"messageKeys":{}}}},"BTJp3XPHBmIZzsGQKJoHqhxqBAhPFMbOQ84T/Mzg/yB8":{"registrationId":1600284149,"currentRatchet":{"ephemeralKeyPair":{"pubKey":"BSAE2CHaWbPx+3n/i4MFrP8RCn9Ii7xNAwlcFexQ1jlO","privKey":"EIjYC/M8frY47IDE5ZkJxu2JAVtSHPnZNrwCDKwgK2c="},"lastRemoteEphemeralKey":"BXeVCLyL+yhK0y7q8XPlO8wlbbsK9dltfnIg7uyJaqhk","previousCounter":0,"rootKey":"Rrr6VptkRx3bEEjhXv6LSKfbo0nyXXfXzhs/71iyMzc="},"indexInfo":{"baseKey":"BTJp3XPHBmIZzsGQKJoHqhxqBAhPFMbOQ84T/Mzg/yB8","baseKeyType":2,"closed":1691850114392,"used":1691850114081,"created":1691850114081,"remoteIdentityKey":"BcDhINdGfPAK54g8Hru1IV6LD0sC0KdmQia26mC2Ti45"},"_chains":{"BXeVCLyL+yhK0y7q8XPlO8wlbbsK9dltfnIg7uyJaqhk":{"chainKey":{"counter":0,"key":"A0nw28Q4A8PgchYbQqbtzg72kybODIVWkTNJbque13k="},"chainType":2,"messageKeys":{}},"BSAE2CHaWbPx+3n/i4MFrP8RCn9Ii7xNAwlcFexQ1jlO":{"chainKey":{"counter":-1,"key":"FmrqODVqdMB8mZHyEw8UiOXKEVlDTW5HX/zHunznwN0="},"chainType":1,"messageKeys":{}}}},"BfW0v1hbbAGiQydUBkObT2siAbJF33roKkaHTNRKLYEM":{"registrationId":1600284149,"currentRatchet":{"ephemeralKeyPair":{"pubKey":"BUs9l5yWShaFjyyNq2soe08WgJVhMWrF5Jgzf1Fk50NS","privKey":"KFj0gPotFcKMnNWxIAWinkdynb9rNsNvE2GDM1DCk0k="},"lastRemoteEphemeralKey":"BYHnOxSTM2w1qZu5gKT2vCh+9YGR+pRsuzNiXt4XeVNc","previousCounter":0,"rootKey":"TFNDxWJ+DJFy0v4q4W/Q+FDffeO0PNvkFXbG1XvKNHw="},"indexInfo":{"baseKey":"BfW0v1hbbAGiQydUBkObT2siAbJF33roKkaHTNRKLYEM","baseKeyType":2,"closed":1691850114651,"used":1691850114395,"created":1691850114395,"remoteIdentityKey":"BcDhINdGfPAK54g8Hru1IV6LD0sC0KdmQia26mC2Ti45"},"_chains":{"BYHnOxSTM2w1qZu5gKT2vCh+9YGR+pRsuzNiXt4XeVNc":{"chainKey":{"counter":0,"key":"6It5Wn2RaJ65xLv/5wJHntojl0G/YPlwdEliGJTil0o="},"chainType":2,"messageKeys":{}},"BUs9l5yWShaFjyyNq2soe08WgJVhMWrF5Jgzf1Fk50NS":{"chainKey":{"counter":-1,"key":"rnn1mdRQQ3G/mrHHDbBjp2nYatl77r2qUeqCphBJnxA="},"chainType":1,"messageKeys":{}}}},"BRmcq9w/zw7fPFWDt9Dgz3+zFPgGmIkvtFrS0OnpNMNz":{"registrationId":1600284149,"currentRatchet":{"ephemeralKeyPair":{"pubKey":"BdwY1eRe8ww/3TDK7qgI7UPUjFKaEt/R3GSthuwVmEsv","privKey":"eBeg2Q4iHUVGSHFxa3HhESkgCJoHkQufVYZXxfXsYlQ="},"lastRemoteEphemeralKey":"Bb4ubtOiTTgLFKO7jCA7/jL4s/y3yQ4muHKRu084yVMf","previousCounter":0,"rootKey":"ZAACOIEUuxGzZV+IG0MDxE8GY+lqlIUD3LciP/L/Oio="},"indexInfo":{"baseKey":"BRmcq9w/zw7fPFWDt9Dgz3+zFPgGmIkvtFrS0OnpNMNz","baseKeyType":2,"closed":1691850115177,"used":1691850114655,"created":1691850114655,"remoteIdentityKey":"BcDhINdGfPAK54g8Hru1IV6LD0sC0KdmQia26mC2Ti45"},"_chains":{"Bb4ubtOiTTgLFKO7jCA7/jL4s/y3yQ4muHKRu084yVMf":{"chainKey":{"counter":0,"key":"TiXaGqqnuwI8bCXwrJCTQcTZK1otR1OpeDRLun5ldZE="},"chainType":2,"messageKeys":{}},"BdwY1eRe8ww/3TDK7qgI7UPUjFKaEt/R3GSthuwVmEsv":{"chainKey":{"counter":-1,"key":"OuueDK6AcXrwjQvPGHqnket2nVO1lGS+b/jVAfRpXNg="},"chainType":1,"messageKeys":{}}}},"BepWcGyltEHZlUg2Zu7r29YEtclaQeeFCBhzKTJp8Fco":{"registrationId":1600284149,"currentRatchet":{"ephemeralKeyPair":{"pubKey":"BYRyhIB7c23Qo7kJiXY9tfWghVo54D9gRPReX5IC+L5T","privKey":"EJQqirvTx25vqAwceCboj1v4rBRfS3jaqWeXNkdZd2M="},"lastRemoteEphemeralKey":"BQz9F3ERVe/DCaXE3jlauYbbiXKESc1vxQMGaakxylI+","previousCounter":0,"rootKey":"etpbwld/ssaLV27+j61M8/4qlK2SL1RxESnmWokhiqM="},"indexInfo":{"baseKey":"BepWcGyltEHZlUg2Zu7r29YEtclaQeeFCBhzKTJp8Fco","baseKeyType":2,"closed":1691850115317,"used":1691850115182,"created":1691850115182,"remoteIdentityKey":"BcDhINdGfPAK54g8Hru1IV6LD0sC0KdmQia26mC2Ti45"},"_chains":{"BQz9F3ERVe/DCaXE3jlauYbbiXKESc1vxQMGaakxylI+":{"chainKey":{"counter":0,"key":"Suy1m/pm1mF5nErNaptKiaeO3d4RymlzrIB8pFgieaY="},"chainType":2,"messageKeys":{}},"BYRyhIB7c23Qo7kJiXY9tfWghVo54D9gRPReX5IC+L5T":{"chainKey":{"counter":-1,"key":"BRX7XT+W6ybYqciawdgD5i68xDAMU1KZNx1Gikt1iUo="},"chainType":1,"messageKeys":{}}}},"BVFDxAtX1UjOr0/Tb9+gvp7F9jFROLkG6Uyi3W42s61v":{"registrationId":1600284149,"currentRatchet":{"ephemeralKeyPair":{"pubKey":"BTmrSAnP7PbU8jlccA8IIl3vWfmySxqM5d7ZuOyIfTAk","privKey":"YHv0lG9U1lGxRHF68Bx1aYg1IxDQtAZbk6/ZhWavXFk="},"lastRemoteEphemeralKey":"BXgXw5VGf/Hf3tjJ4KZtsaoSBz/HGOCP/9xRUhpj1x8R","previousCounter":0,"rootKey":"LnvJbEOfSCFDVMUXklT9lJEwIujjlIZvt4GJrcRpfvU="},"indexInfo":{"baseKey":"BVFDxAtX1UjOr0/Tb9+gvp7F9jFROLkG6Uyi3W42s61v","baseKeyType":2,"closed":1691850115591,"used":1691850115327,"created":1691850115327,"remoteIdentityKey":"BcDhINdGfPAK54g8Hru1IV6LD0sC0KdmQia26mC2Ti45"},"_chains":{"BXgXw5VGf/Hf3tjJ4KZtsaoSBz/HGOCP/9xRUhpj1x8R":{"chainKey":{"counter":0,"key":"Opq/SUO+x3xkPk0bqpMu2jbvVE2vssWviuhRJyAgsOU="},"chainType":2,"messageKeys":{}},"BTmrSAnP7PbU8jlccA8IIl3vWfmySxqM5d7ZuOyIfTAk":{"chainKey":{"counter":-1,"key":"8p168CWJRl6uJMN4kVjNIFvqarZ0LZAoNTx1VjbUYXc="},"chainType":1,"messageKeys":{}}}},"BdC/dHfupMzxgkiDqKuNxkV1XASSVT/hF9o+Wpnpr+t6":{"registrationId":1600284149,"currentRatchet":{"ephemeralKeyPair":{"pubKey":"BSQe2o/CYnmmiJHv6u4oKS0gNNpsIV7qntNx1t0RbANs","privKey":"mPeXieUZJvDBZAhVWf4DcuklkMpdsEBGD4J01qu3zHU="},"lastRemoteEphemeralKey":"BSjkPOSP8sEBw+oFYGKhzTHDb7AqBHQtF/etiuScGkBc","previousCounter":0,"rootKey":"qZdqZhEh/ZTnGgEWAPz33SZQtROQgub9G2UvL3PdIYY="},"indexInfo":{"baseKey":"BdC/dHfupMzxgkiDqKuNxkV1XASSVT/hF9o+Wpnpr+t6","baseKeyType":2,"closed":1691850115881,"used":1691850115597,"created":1691850115597,"remoteIdentityKey":"BcDhINdGfPAK54g8Hru1IV6LD0sC0KdmQia26mC2Ti45"},"_chains":{"BSjkPOSP8sEBw+oFYGKhzTHDb7AqBHQtF/etiuScGkBc":{"chainKey":{"counter":0,"key":"EEsY6O7+rf5DG2KutbQ+3MIKhI/Ki7laoYWx9uLc23c="},"chainType":2,"messageKeys":{}},"BSQe2o/CYnmmiJHv6u4oKS0gNNpsIV7qntNx1t0RbANs":{"chainKey":{"counter":-1,"key":"AtQ3E607WjhHZ4OfrKScgK3+ErQ1+Hr2GsJTVPZYztQ="},"chainType":1,"messageKeys":{}}}},"BZXySWeaIgTFt35z6VV4QM2VSM0NelYzKTQ8FkwplmM8":{"registrationId":1600284149,"currentRatchet":{"ephemeralKeyPair":{"pubKey":"BQQ6mk92m0C8kIeje7IZ0SMn5FU0sTeqTnGkGywTIPhq","privKey":"OLjEMaM8J4qkw2MpWvtReByVd/l7SQul17QSkkPCWX8="},"lastRemoteEphemeralKey":"BQMptn/gElMSVRrc5eVhJ6z6lELrtRem0p/dmBzoMoY9","previousCounter":0,"rootKey":"GrTQb/IWHHojKPHt9Ddgemhb6OrP3/aE34yXcOIL+p8="},"indexInfo":{"baseKey":"BZXySWeaIgTFt35z6VV4QM2VSM0NelYzKTQ8FkwplmM8","baseKeyType":2,"closed":1691850116231,"used":1691850115888,"created":1691850115888,"remoteIdentityKey":"BcDhINdGfPAK54g8Hru1IV6LD0sC0KdmQia26mC2Ti45"},"_chains":{"BQMptn/gElMSVRrc5eVhJ6z6lELrtRem0p/dmBzoMoY9":{"chainKey":{"counter":0,"key":"QjxcXxhHJ+YmXw9EnCb7LsOyGallOixx98mqY2YgA6s="},"chainType":2,"messageKeys":{}},"BQQ6mk92m0C8kIeje7IZ0SMn5FU0sTeqTnGkGywTIPhq":{"chainKey":{"counter":-1,"key":"c36YHDBKjDsDIzeyphDewFpv4pgfNT6+qbuddRwZsgs="},"chainType":1,"messageKeys":{}}}},"BQC9aKN8nURUdRMWGuKk0KKxICmSd01LjTDS0ZdRW5YY":{"registrationId":1600284149,"currentRatchet":{"ephemeralKeyPair":{"pubKey":"Bdh5pe71oygWW93U8DXw7AW5RnyMS+nymoXuuflVhcdm","privKey":"GCVZi+pfQP3O7ZoUpH+aJXCl9GfVJU58dvF0I52fN1g="},"lastRemoteEphemeralKey":"BVM6b0rYr1IXfj3GmM/1WuaCVX3TdoLF27/Iyx+vk0Rh","previousCounter":0,"rootKey":"HybcBblnvKXiU2ekB+CRrzIRD6bzxXlBehGsIS0jYGg="},"indexInfo":{"baseKey":"BQC9aKN8nURUdRMWGuKk0KKxICmSd01LjTDS0ZdRW5YY","baseKeyType":2,"closed":1691850116427,"used":1691850116246,"created":1691850116246,"remoteIdentityKey":"BcDhINdGfPAK54g8Hru1IV6LD0sC0KdmQia26mC2Ti45"},"_chains":{"BVM6b0rYr1IXfj3GmM/1WuaCVX3TdoLF27/Iyx+vk0Rh":{"chainKey":{"counter":0,"key":"PUoJT1UwKmKhx8Zya/dBPH7Fvw6xTm0MlCzFmyhV5fY="},"chainType":2,"messageKeys":{}},"Bdh5pe71oygWW93U8DXw7AW5RnyMS+nymoXuuflVhcdm":{"chainKey":{"counter":-1,"key":"ystdx5vXwBMWoqbxDmvXOlPiMD2vnXcshn/Gcsa1L9k="},"chainType":1,"messageKeys":{}}}},"BakAVi/+WICUgLiCp/7X6TA3nPulr+8XVvO2YpoxZGZl":{"registrationId":1600284149,"currentRatchet":{"ephemeralKeyPair":{"pubKey":"BY1gJzS44pRUNxccU142fxecpVP1InwRU6Yv5xyQWkYj","privKey":"0KfY/HVNV7J0JuFWtvKDX/Vq2SaApyQojPEooVhItlk="},"lastRemoteEphemeralKey":"BQpbXzu66XDZ9D81guqHjI9hTz5ArO9PJocjH9Jq0rNm","previousCounter":0,"rootKey":"amM5xaLvGt7+H2l9/0pAL0Sbhtcr5B8HNXeK23vAg6w="},"indexInfo":{"baseKey":"BakAVi/+WICUgLiCp/7X6TA3nPulr+8XVvO2YpoxZGZl","baseKeyType":2,"closed":1691850116692,"used":1691850116435,"created":1691850116435,"remoteIdentityKey":"BcDhINdGfPAK54g8Hru1IV6LD0sC0KdmQia26mC2Ti45"},"_chains":{"BQpbXzu66XDZ9D81guqHjI9hTz5ArO9PJocjH9Jq0rNm":{"chainKey":{"counter":0,"key":"dltfmNmEalw9EuQZpEIJryusdarfIOLvg5r2GGM3Eh8="},"chainType":2,"messageKeys":{}},"BY1gJzS44pRUNxccU142fxecpVP1InwRU6Yv5xyQWkYj":{"chainKey":{"counter":-1,"key":"QzdEPoylbpRWkRoff17ofztYuZyCS3M4KpywgjoYCTs="},"chainType":1,"messageKeys":{}}}},"BQByEUyEQTQ+gKVJGnzgmUfS6vq0VabykSfPK/Bk1OpL":{"registrationId":1600284149,"currentRatchet":{"ephemeralKeyPair":{"pubKey":"BTuKk8QPb7SdJRI50mhABJ4rH0m+2CgA06tIk7ulwtsJ","privKey":"kALgorT8b5MVTTUI1K8N4xf9xQEWjMX2VVSIBjnG22Q="},"lastRemoteEphemeralKey":"BQ9VJX5i7KLYv6YmGE/gS+dFxPTUIsdvDIh2eVZlC6lZ","previousCounter":0,"rootKey":"Ciw2MzK0pHQemLt03LU57KdgytEDW/xxdVtuhPh1Gu8="},"indexInfo":{"baseKey":"BQByEUyEQTQ+gKVJGnzgmUfS6vq0VabykSfPK/Bk1OpL","baseKeyType":2,"closed":1691850117048,"used":1691850116700,"created":1691850116700,"remoteIdentityKey":"BcDhINdGfPAK54g8Hru1IV6LD0sC0KdmQia26mC2Ti45"},"_chains":{"BQ9VJX5i7KLYv6YmGE/gS+dFxPTUIsdvDIh2eVZlC6lZ":{"chainKey":{"counter":0,"key":"m0q8T9CekBeBndc56wKT8f6h1Eh2+zVExSqlxZIRQBs="},"chainType":2,"messageKeys":{}},"BTuKk8QPb7SdJRI50mhABJ4rH0m+2CgA06tIk7ulwtsJ":{"chainKey":{"counter":-1,"key":"KKGKBJrHEsMOm7sCsRFyqmpoOvATT6B8sQDGR43Dxq8="},"chainType":1,"messageKeys":{}}}},"BVSlFb5UpXPh3FLNbmj6Dsyfi7CCmmdvHKJLdIcrnUAS":{"registrationId":1600284149,"currentRatchet":{"ephemeralKeyPair":{"pubKey":"BdnD+a+pfK+oLyXOaFGeVl/3tyoBW6KqjVizg3aKTt5N","privKey":"8JRR9+zSNWsI3ArBikE7hIM/npY5bVIYV/EgrgXU7n8="},"lastRemoteEphemeralKey":"BVZzsGJvo8MsV3IkcEwU629BPTzZxXFH9GgQQZcHxLYK","previousCounter":0,"rootKey":"lquA4Alv4XR7yARfzbdjC7qrOShi5y12wcGIUzzdE+0="},"indexInfo":{"baseKey":"BVSlFb5UpXPh3FLNbmj6Dsyfi7CCmmdvHKJLdIcrnUAS","baseKeyType":2,"closed":1691850117349,"used":1691850117054,"created":1691850117054,"remoteIdentityKey":"BcDhINdGfPAK54g8Hru1IV6LD0sC0KdmQia26mC2Ti45"},"_chains":{"BVZzsGJvo8MsV3IkcEwU629BPTzZxXFH9GgQQZcHxLYK":{"chainKey":{"counter":0,"key":"7J1+hJBG4Q4jOcwusqwUE7Sgt7yaoyfO1737EMy5OvU="},"chainType":2,"messageKeys":{}},"BdnD+a+pfK+oLyXOaFGeVl/3tyoBW6KqjVizg3aKTt5N":{"chainKey":{"counter":-1,"key":"2GQYMdLgzylNljmattpOHhafAIgM6bIpXXNgSSnHlvo="},"chainType":1,"messageKeys":{}}}},"Ba46pXpWAj5dIdjRgO7b1Q/4iaDAE7kuGZF4PvAGgfwk":{"registrationId":1600284149,"currentRatchet":{"ephemeralKeyPair":{"pubKey":"Bcehil9qTk1q6gT65JH8wCeddzzQSER8nf3P/U0ZqXhl","privKey":"OMadbYHw8qkjMJEEKTli0JFfZmrYmNAP9mDOvJoCn2k="},"lastRemoteEphemeralKey":"BbX0ufscKmgxEK60xx5kNgyrHNtVrdFUKw7YmhxS+Usd","previousCounter":0,"rootKey":"gr4B+CBnp3W0DDkaLS5oJYsa+MdvEHihfGbTzNXSEE4="},"indexInfo":{"baseKey":"Ba46pXpWAj5dIdjRgO7b1Q/4iaDAE7kuGZF4PvAGgfwk","baseKeyType":2,"closed":1691850117619,"used":1691850117356,"created":1691850117356,"remoteIdentityKey":"BcDhINdGfPAK54g8Hru1IV6LD0sC0KdmQia26mC2Ti45"},"_chains":{"BbX0ufscKmgxEK60xx5kNgyrHNtVrdFUKw7YmhxS+Usd":{"chainKey":{"counter":0,"key":"jlmj6XwhGazRxtRRBUVtdFFo9ZLToalff7PERRommVQ="},"chainType":2,"messageKeys":{}},"Bcehil9qTk1q6gT65JH8wCeddzzQSER8nf3P/U0ZqXhl":{"chainKey":{"counter":-1,"key":"aPozvdlB/QOU60zDmddlo+Ga3Cam6exa5bPxR2FUbPg="},"chainType":1,"messageKeys":{}}}},"BRD6WC1Kak8U0jbeBYqYcKPa36GVauITmdGQ+kxZiep2":{"registrationId":1600284149,"currentRatchet":{"ephemeralKeyPair":{"pubKey":"BWDevIOEoNuF7s/rvwj9ilzPn3YqcBYfnW4ef4uChXBA","privKey":"WBmdjgWIlp6aCD+AtuRGHAFT40LxRTkxbRp/ZmMoynI="},"lastRemoteEphemeralKey":"BQp8WalzGDQyT8fvIozJ4St4nfn9u9bBKz3UE9My8zkS","previousCounter":0,"rootKey":"OjVSbOgHYqRjsfUJn26DNFE/NDATL+WWPWaqt7k2CBU="},"indexInfo":{"baseKey":"BRD6WC1Kak8U0jbeBYqYcKPa36GVauITmdGQ+kxZiep2","baseKeyType":2,"closed":1691850117950,"used":1691850117625,"created":1691850117625,"remoteIdentityKey":"BcDhINdGfPAK54g8Hru1IV6LD0sC0KdmQia26mC2Ti45"},"_chains":{"BQp8WalzGDQyT8fvIozJ4St4nfn9u9bBKz3UE9My8zkS":{"chainKey":{"counter":0,"key":"ASAxgaRgutXgwSP6xTQ8SfuTqeUNrW+HM3BQBC/cPOI="},"chainType":2,"messageKeys":{}},"BWDevIOEoNuF7s/rvwj9ilzPn3YqcBYfnW4ef4uChXBA":{"chainKey":{"counter":-1,"key":"fpCogwRvzNWkglwIr7E9JfzQLBQXF8agJsOkbLGNy+A="},"chainType":1,"messageKeys":{}}}},"BblJcNRNc+rCDUHC5xFeXIcPxot1a02xwOrPAjkp2J87":{"registrationId":1600284149,"currentRatchet":{"ephemeralKeyPair":{"pubKey":"BfN/GC+da00mXghc3OmvVZrJMvUJWoyi4dubR7d7g+oe","privKey":"qJIsFOdbmGNvgqxOodPwwyIFWjTAZGoXBj4wSKPE6H0="},"lastRemoteEphemeralKey":"Bd4D/m/fhd1BLT1xx6DYeybAG0QvdvfzYP+Xo4qLG61H","previousCounter":0,"rootKey":"TM3RYbJ6o23p0IltxGW61Z4vhOdIbbA2QPd3qujOMwc="},"indexInfo":{"baseKey":"BblJcNRNc+rCDUHC5xFeXIcPxot1a02xwOrPAjkp2J87","baseKeyType":2,"closed":1691850118213,"used":1691850117958,"created":1691850117958,"remoteIdentityKey":"BcDhINdGfPAK54g8Hru1IV6LD0sC0KdmQia26mC2Ti45"},"_chains":{"Bd4D/m/fhd1BLT1xx6DYeybAG0QvdvfzYP+Xo4qLG61H":{"chainKey":{"counter":0,"key":"hCMxyc09OMxB8+m3XPtnfhK3EJJTyUIYx21sjb+9YUU="},"chainType":2,"messageKeys":{}},"BfN/GC+da00mXghc3OmvVZrJMvUJWoyi4dubR7d7g+oe":{"chainKey":{"counter":-1,"key":"uQAwZrMJd628EXWP7kLjNVsg9qWXUFulroRIxko9CGg="},"chainType":1,"messageKeys":{}}}},"BTRc9ashTOEVbXrJs43XutS6mD6Qudaybbv1SppAg/ZR":{"registrationId":1600284149,"currentRatchet":{"ephemeralKeyPair":{"pubKey":"BTRIhmaL9nKF5/8nvLNQuo1RkcPj7mAd5PNt7ezPUot3","privKey":"GO906tGRwIcSTteLMfNhHrF3jvc1P7eyP/fUi1jidkc="},"lastRemoteEphemeralKey":"BYEggXCcs2PIXgNmYP4IyRMGkc2bZgrhnQXelH+g340P","previousCounter":0,"rootKey":"1v6xazwU1YTmaSVvMXWsZRcfFhPwX61KB+5BxZ1opUg="},"indexInfo":{"baseKey":"BTRc9ashTOEVbXrJs43XutS6mD6Qudaybbv1SppAg/ZR","baseKeyType":2,"closed":1691850118467,"used":1691850118218,"created":1691850118218,"remoteIdentityKey":"BcDhINdGfPAK54g8Hru1IV6LD0sC0KdmQia26mC2Ti45"},"_chains":{"BYEggXCcs2PIXgNmYP4IyRMGkc2bZgrhnQXelH+g340P":{"chainKey":{"counter":0,"key":"DGpumpwVJ5uqw60HWW3S3WSJbHSiXAqGrS3EF4Qoy+c="},"chainType":2,"messageKeys":{}},"BTRIhmaL9nKF5/8nvLNQuo1RkcPj7mAd5PNt7ezPUot3":{"chainKey":{"counter":-1,"key":"KDgGG9JvovrmtTqj79ASfHO8NS59AzJtQcvdOwEGZlg="},"chainType":1,"messageKeys":{}}}},"BQkmXV7geNPR1/EICrJJvGWoJeK5w4WYkwMFboBgdm9C":{"registrationId":1600284149,"currentRatchet":{"ephemeralKeyPair":{"pubKey":"BS3LFAETNGhOCMUDmIgRlHRAzIWoLe0jUvtb+CIpvv4Z","privKey":"EHYjr/nLLlueZGf9+/v413Ea0QlEZYAOB9qxE196y34="},"lastRemoteEphemeralKey":"BQ8YHVZ2sa1aozrY9IjCwx6xDwUm9RPQgOmNcHmKoAJT","previousCounter":0,"rootKey":"2IF8A1cEmIuozmC7zJ/yDsHK/FnAOvGB9PmT3qeqjJo="},"indexInfo":{"baseKey":"BQkmXV7geNPR1/EICrJJvGWoJeK5w4WYkwMFboBgdm9C","baseKeyType":2,"closed":1691850119059,"used":1691850118474,"created":1691850118474,"remoteIdentityKey":"BcDhINdGfPAK54g8Hru1IV6LD0sC0KdmQia26mC2Ti45"},"_chains":{"BQ8YHVZ2sa1aozrY9IjCwx6xDwUm9RPQgOmNcHmKoAJT":{"chainKey":{"counter":0,"key":"wZLyprAsxmDwTuMd2wN06lCWsdMatXUJP/o8Ww5LG58="},"chainType":2,"messageKeys":{}},"BS3LFAETNGhOCMUDmIgRlHRAzIWoLe0jUvtb+CIpvv4Z":{"chainKey":{"counter":-1,"key":"CgI6+1izcIW2VM6wH3zXbG8OPU872KlcOTq5yj78gt8="},"chainType":1,"messageKeys":{}}}},"BcXShw2p3l5gjHX9GovcgcMwxGtFZivtcLg1JTGXuJAH":{"registrationId":1600284149,"currentRatchet":{"ephemeralKeyPair":{"pubKey":"BYfiU1L6cIl9v2sIbVChRLKjFToNoG4EyIZv5ZdwhjgT","privKey":"iDmWHg1FXkYO6Mm9Tvi5HjhZSRkLA0HvYOLlZ5w001U="},"lastRemoteEphemeralKey":"BYmeFNjyh9yEC9+/9hMgGE+A3FuOLv0LiQkB6TTf0UZa","previousCounter":0,"rootKey":"Je6b4OMJSpd3fNRm1lJ3c3teXAiHPZ1vQxs+KIu2CUU="},"indexInfo":{"baseKey":"BcXShw2p3l5gjHX9GovcgcMwxGtFZivtcLg1JTGXuJAH","baseKeyType":2,"closed":1691850119471,"used":1691850119067,"created":1691850119067,"remoteIdentityKey":"BcDhINdGfPAK54g8Hru1IV6LD0sC0KdmQia26mC2Ti45"},"_chains":{"BYmeFNjyh9yEC9+/9hMgGE+A3FuOLv0LiQkB6TTf0UZa":{"chainKey":{"counter":0,"key":"NuK1lyB03zY1U+BV7vpfojHovcMLWuAC79OY3f4Ul0E="},"chainType":2,"messageKeys":{}},"BYfiU1L6cIl9v2sIbVChRLKjFToNoG4EyIZv5ZdwhjgT":{"chainKey":{"counter":-1,"key":"ZDXcMppxM+7gEgi6Dw24FlSOvOZnv3+P5/vMXw7DpHc="},"chainType":1,"messageKeys":{}}}},"Bd2VfhjXQ0l1Apgwj9Lted3KeqCOYtAErZd1ejOkjR54":{"registrationId":1600284149,"currentRatchet":{"ephemeralKeyPair":{"pubKey":"Bd+aGLphbPGBErdCJV0HnswXEAwIIngo1wP0m775vKAx","privKey":"WL9JeVZRwK0SxneCteTjoNf+tqyh4JhmrwT7sAw3q1w="},"lastRemoteEphemeralKey":"BWG6231cGOeY+C3Ga3P5Pw0B9xSi7qza99DCSItlWgF7","previousCounter":0,"rootKey":"80eq2aeux7HpnJZDt7owgVdUIlXK08mgJPgj6sgrKe8="},"indexInfo":{"baseKey":"Bd2VfhjXQ0l1Apgwj9Lted3KeqCOYtAErZd1ejOkjR54","baseKeyType":2,"closed":1691850119999,"used":1691850119476,"created":1691850119476,"remoteIdentityKey":"BcDhINdGfPAK54g8Hru1IV6LD0sC0KdmQia26mC2Ti45"},"_chains":{"BWG6231cGOeY+C3Ga3P5Pw0B9xSi7qza99DCSItlWgF7":{"chainKey":{"counter":0,"key":"9j4A+qZ9OVryk5l6X38nFa6cIYJ+CyCkNd2HiNYjclI="},"chainType":2,"messageKeys":{}},"Bd+aGLphbPGBErdCJV0HnswXEAwIIngo1wP0m775vKAx":{"chainKey":{"counter":-1,"key":"lvZLqUXMFLJOrc8CKl8MddJOX1tz3jGrtoeiffr7hZQ="},"chainType":1,"messageKeys":{}}}},"BQilzIYV3TmxfY2o43aaOmMQeYOkUh7yqB7Asn/28woD":{"registrationId":1600284149,"currentRatchet":{"ephemeralKeyPair":{"pubKey":"BTahq5Bjz4OPqw5So7Qf8sSY10ydtSis9Syu2oBhau16","privKey":"MHwMIWS7Ue9epsRV2ljRLhIGNfcJzVmARdWELGU3K2o="},"lastRemoteEphemeralKey":"BdDLgWccIXF2afnXI6PJYaOjW5pKODvdMDBXz6cZu75K","previousCounter":0,"rootKey":"f8iLMlWvfn+qNDZtoi7tB1bpDtp/ktf60yJKJsb3dj0="},"indexInfo":{"baseKey":"BQilzIYV3TmxfY2o43aaOmMQeYOkUh7yqB7Asn/28woD","baseKeyType":2,"closed":1691850120225,"used":1691850120012,"created":1691850120012,"remoteIdentityKey":"BcDhINdGfPAK54g8Hru1IV6LD0sC0KdmQia26mC2Ti45"},"_chains":{"BdDLgWccIXF2afnXI6PJYaOjW5pKODvdMDBXz6cZu75K":{"chainKey":{"counter":0,"key":"77Tpo41nZtpyTlYPYtK3XyAJ/eVzXMp24oEjxu3j53w="},"chainType":2,"messageKeys":{}},"BTahq5Bjz4OPqw5So7Qf8sSY10ydtSis9Syu2oBhau16":{"chainKey":{"counter":-1,"key":"8XsKR6x8tnKtuXT6F6Fp10Mv/NUZwITe8xvqU/RVmwg="},"chainType":1,"messageKeys":{}}}},"BbUpRhJRb7ti6VIo7no2G7bas5a9/tTg+LOHCcdvKKVB":{"registrationId":1600284149,"currentRatchet":{"ephemeralKeyPair":{"pubKey":"BYfVm0pqwykxT+gzpoxi6OE0Wc4eS+a+KGBJ9hBa22E1","privKey":"oOT/3ePVLHywGkVHfY2DEGBk8RLMfOxnrWwqXPwOG0k="},"lastRemoteEphemeralKey":"BUXdEkdD1UH1ixmXT6VHZSHSkmq04+/dLZveSY5k4cUs","previousCounter":0,"rootKey":"oMRD7c4kz0diRf+0SAUjrUbku9spPe9ykr8kVhAJZd0="},"indexInfo":{"baseKey":"BbUpRhJRb7ti6VIo7no2G7bas5a9/tTg+LOHCcdvKKVB","baseKeyType":2,"closed":1691850120647,"used":1691850120231,"created":1691850120231,"remoteIdentityKey":"BcDhINdGfPAK54g8Hru1IV6LD0sC0KdmQia26mC2Ti45"},"_chains":{"BUXdEkdD1UH1ixmXT6VHZSHSkmq04+/dLZveSY5k4cUs":{"chainKey":{"counter":0,"key":"wOIbKVS14PD0qZDRKLCiZDlnZz6ka2Lnk4AHnxIhvQo="},"chainType":2,"messageKeys":{}},"BYfVm0pqwykxT+gzpoxi6OE0Wc4eS+a+KGBJ9hBa22E1":{"chainKey":{"counter":-1,"key":"49/QAcpDa6g3iURfGRsWFoYBoJDOxMpVf+SxWSnij2w="},"chainType":1,"messageKeys":{}}}},"BVcMZhMzMnbIQ4xQRfo4qLxo2iBNQKrUCdwBhxUNFMU+":{"registrationId":1600284149,"currentRatchet":{"ephemeralKeyPair":{"pubKey":"BQ356md/7RrIr0dIb/FongD9cGXA9f/iGg4f8cnBltRK","privKey":"MMhTAkZHLN9Hj8QsnsvXet3SMBxMR4JKFlVXM30NjWg="},"lastRemoteEphemeralKey":"BX1lNwjHt0uFDEJ/GZyi+Xcx//tg5GNplIXN0n244Axe","previousCounter":0,"rootKey":"VDdVrmbmVf0jq9K9LqiNZwPKBGBBiqr41wwJaPIlC5s="},"indexInfo":{"baseKey":"BVcMZhMzMnbIQ4xQRfo4qLxo2iBNQKrUCdwBhxUNFMU+","baseKeyType":2,"closed":1691850120881,"used":1691850120653,"created":1691850120653,"remoteIdentityKey":"BcDhINdGfPAK54g8Hru1IV6LD0sC0KdmQia26mC2Ti45"},"_chains":{"BX1lNwjHt0uFDEJ/GZyi+Xcx//tg5GNplIXN0n244Axe":{"chainKey":{"counter":0,"key":"f+dRKjfOeUemuB2D1ZIWYHDSHAx7kk0qDfF24i47w6k="},"chainType":2,"messageKeys":{}},"BQ356md/7RrIr0dIb/FongD9cGXA9f/iGg4f8cnBltRK":{"chainKey":{"counter":-1,"key":"1SyMvJxlDLYXbxKPCnjZYUPyNC21TFRkaPrUcvuigjE="},"chainType":1,"messageKeys":{}}}},"BVKgmZD3iBrTAIhi/mbqSdggXftshxE0zUvqwbf7yUhq":{"registrationId":1600284149,"currentRatchet":{"ephemeralKeyPair":{"pubKey":"BbRueWxsH2iB8zByr92DsY5lBUHwHsjL+LeknJQkNhYZ","privKey":"OP/PUV+uXzQdb6EU9hs6CtRI7p0cm0TYo9lreEZrQGw="},"lastRemoteEphemeralKey":"BXHL+NGguRSmhGir6pleqF9qK/SI6Wk5RtcCXMx3bTIY","previousCounter":0,"rootKey":"ushwmno/IdYnWkgQil0D2z2959jeoXPZwT3g3xCDkQg="},"indexInfo":{"baseKey":"BVKgmZD3iBrTAIhi/mbqSdggXftshxE0zUvqwbf7yUhq","baseKeyType":2,"closed":1691850121193,"used":1691850120888,"created":1691850120888,"remoteIdentityKey":"BcDhINdGfPAK54g8Hru1IV6LD0sC0KdmQia26mC2Ti45"},"_chains":{"BXHL+NGguRSmhGir6pleqF9qK/SI6Wk5RtcCXMx3bTIY":{"chainKey":{"counter":0,"key":"Ee7XDzPsp4dxlxUYTC05Nn6Ps7Sw+dAru0Ukryis2eM="},"chainType":2,"messageKeys":{}},"BbRueWxsH2iB8zByr92DsY5lBUHwHsjL+LeknJQkNhYZ":{"chainKey":{"counter":-1,"key":"KDoqQoklXAwOA0EDBdK+FfJRMuDuKVUZoHHzmYZY1ck="},"chainType":1,"messageKeys":{}}}},"Bb2w/OpLtUwI3g6Z8I+YYqsWY8iPWve1GOzCV0DVyypo":{"registrationId":1600284149,"currentRatchet":{"ephemeralKeyPair":{"pubKey":"BVgcCXAXF1jD9cLS0ADTiwoD//lsnPtCgAnzmbZ5GjIs","privKey":"KOSrIVmfym+HZDY8RXbZk0h5hvmugRmKpJ8I4Sc3bG8="},"lastRemoteEphemeralKey":"BZy63hluwRTxbyN9Yn6W/eCfgFRitt/DCWcd3yyaHQtj","previousCounter":0,"rootKey":"615+FBKfDwDX3snHgwd1J4Z0PJEKFj0wkznZtcAXtek="},"indexInfo":{"baseKey":"Bb2w/OpLtUwI3g6Z8I+YYqsWY8iPWve1GOzCV0DVyypo","baseKeyType":2,"closed":1691850123596,"used":1691850121200,"created":1691850121199,"remoteIdentityKey":"BcDhINdGfPAK54g8Hru1IV6LD0sC0KdmQia26mC2Ti45"},"_chains":{"BZy63hluwRTxbyN9Yn6W/eCfgFRitt/DCWcd3yyaHQtj":{"chainKey":{"counter":0,"key":"FQ+uD474l0s0S2o3hEcltj/4ES5YTT6xogiUL6qiS10="},"chainType":2,"messageKeys":{}},"BVgcCXAXF1jD9cLS0ADTiwoD//lsnPtCgAnzmbZ5GjIs":{"chainKey":{"counter":-1,"key":"WIDf4EA9ouOx13Q+AzBBQvO1153DTIhwbYYvza1+fe8="},"chainType":1,"messageKeys":{}}}},"BVg5NMXHA0+tNbec/Z8sxARHtF2kWrK5KLRWR64wwjsz":{"registrationId":1600284149,"currentRatchet":{"ephemeralKeyPair":{"pubKey":"BRsTScUCEcuvQ1YWhBVgClB2d5wCytSWQI/tg8g8hntf","privKey":"WAd/a7j2NXQ15fQPEdHOG0cUUMmK3t3rqjf7xN3/ZFw="},"lastRemoteEphemeralKey":"BZxTRSUHY4rsEttnEWYogmfH6B49YV7ByEZ80Dp3V3V4","previousCounter":0,"rootKey":"Dwetk9Qc2kWbh3gn6WCLz+H7wtzVkLVbn7JD+ESJjF0="},"indexInfo":{"baseKey":"BVg5NMXHA0+tNbec/Z8sxARHtF2kWrK5KLRWR64wwjsz","baseKeyType":2,"closed":1691850123825,"used":1691850123603,"created":1691850123603,"remoteIdentityKey":"BcDhINdGfPAK54g8Hru1IV6LD0sC0KdmQia26mC2Ti45"},"_chains":{"BZxTRSUHY4rsEttnEWYogmfH6B49YV7ByEZ80Dp3V3V4":{"chainKey":{"counter":0,"key":"ahCfU0pJLbfSUshIByt1axdJSKZSLdkiGMuijd13nk8="},"chainType":2,"messageKeys":{}},"BRsTScUCEcuvQ1YWhBVgClB2d5wCytSWQI/tg8g8hntf":{"chainKey":{"counter":-1,"key":"5W1nP6+8gKuev8rAK7niNeLA2TaVRjH7iQk1Mq3jPHw="},"chainType":1,"messageKeys":{}}}},"BdtABP0D2cQzHGOM2clzEeKmSLLRYxKVGp9Se4oiB216":{"registrationId":1600284149,"currentRatchet":{"ephemeralKeyPair":{"pubKey":"BYdioJ/I4JBl102fZYIm/wDmU9FMO/DSU4CSFrBQy5lB","privKey":"0BQkz2hjMDMParIM9+rLQCWZdGm2HrUtJYbUK/8ucUc="},"lastRemoteEphemeralKey":"BR3BD5v61de9hNntcblgxkFtcnn235s0lbPzj9bepcID","previousCounter":0,"rootKey":"L0wn4xOUB6Q0MdnVDs6WIdeLTojXH2iDAspGlhZkEF0="},"indexInfo":{"baseKey":"BdtABP0D2cQzHGOM2clzEeKmSLLRYxKVGp9Se4oiB216","baseKeyType":2,"closed":-1,"used":1691850123831,"created":1691850123831,"remoteIdentityKey":"BcDhINdGfPAK54g8Hru1IV6LD0sC0KdmQia26mC2Ti45"},"_chains":{"BR3BD5v61de9hNntcblgxkFtcnn235s0lbPzj9bepcID":{"chainKey":{"counter":0,"key":"1YoiOucFMEyaNPI4NvHpSV2dzAVUX/YAJI/78RKLBm0="},"chainType":2,"messageKeys":{}},"BYdioJ/I4JBl102fZYIm/wDmU9FMO/DSU4CSFrBQy5lB":{"chainKey":{"counter":-1,"key":"rN7sziwWFkPXpIHg8skLR3Puxhh+0cAjIX/zDIEfoAo="},"chainType":1,"messageKeys":{}}}}},"version":"v1"}