{"_sessions":{"Bdb5sii6XYcuUjdmmAYZq17u/+r86Odi3/zXBTbvSk9H":{"registrationId":2135779462,"currentRatchet":{"ephemeralKeyPair":{"pubKey":"BfCf/oCKhTBEIko3ucm34EIhx7cKoihir96eKPJ9M/cM","privKey":"kF/yzQaSFKx29F0QUwYshpvs7jJTgiIIWOMXlrRKIEY="},"lastRemoteEphemeralKey":"BQug/3TrbAOv6eySfPDC2iku7rkSwVX8OWDQvzd5XVhr","previousCounter":0,"rootKey":"OMf5EMoQTecLMc1A92ipDnQPf9mr4aUY4nWoFvDALoc="},"indexInfo":{"baseKey":"Bdb5sii6XYcuUjdmmAYZq17u/+r86Odi3/zXBTbvSk9H","baseKeyType":1,"closed":-1,"used":1691858205353,"created":1691858205353,"remoteIdentityKey":"BdawczZrP7nVjz6lVs4XpjI3LZywUY7N2X8jRzIXdIw0"},"_chains":{"BfCf/oCKhTBEIko3ucm34EIhx7cKoihir96eKPJ9M/cM":{"chainKey":{"counter":0,"key":"Orr5AO4gv10pAtwuW4bV/PUA4iLL7R+LTauTKqUdcCM="},"chainType":1,"messageKeys":{}}},"pendingPreKey":{"signedKeyId":15191130,"baseKey":"Bdb5sii6XYcuUjdmmAYZq17u/+r86Odi3/zXBTbvSk9H","preKeyId":806}}},"version":"v1"}