{"_sessions":{"BVqDx8UqWZ08KolXxeck5VW/mdalMMTvKKHX7YOWdRI/":{"registrationId":263876397,"currentRatchet":{"ephemeralKeyPair":{"pubKey":"BW9wocK5tdJMxDlpaParvWmrMOrSHH/T0O8hgGxqNUNp","privKey":"CNfIda5CBS6x/w/RD7dDDywQhmAukGCLvesds6vaSXc="},"lastRemoteEphemeralKey":"BS6zNcbX4DBBdsdRCZKyGdnw5pFYMk6bGimXnxe6JvkB","previousCounter":0,"rootKey":"TQr0BvbbbLii3To/VNzkls1zkZFhMjvQEKaGnniG4Nw="},"indexInfo":{"baseKey":"BVqDx8UqWZ08KolXxeck5VW/mdalMMTvKKHX7YOWdRI/","baseKeyType":2,"closed":-1,"used":1691855792880,"created":1691855792880,"remoteIdentityKey":"BUeRa6bkVF6Szd9HPG0Z8pbwWJf+SsUGU+XBgRxFsrRl"},"_chains":{"BS6zNcbX4DBBdsdRCZKyGdnw5pFYMk6bGimXnxe6JvkB":{"chainKey":{"counter":0,"key":"PpVxOpRpcg9xKlwhAQcyYb5aOnGKQFwCU0R43ZxRTv4="},"chainType":2,"messageKeys":{}},"BW9wocK5tdJMxDlpaParvWmrMOrSHH/T0O8hgGxqNUNp":{"chainKey":{"counter":0,"key":"BZBdrGZ2zP2rAc5pEQk/xziUFj8WNYTCUc7SoTSzydU="},"chainType":1,"messageKeys":{}}}}},"version":"v1"}