{"_sessions":{"BW0yihzSEP45mIgmqyWRA3DLYU05sYdkq2z0yBYXAAZs":{"registrationId":1885441963,"currentRatchet":{"ephemeralKeyPair":{"pubKey":"Bcq36fiXVz3vr6A0GYgELHlVVPuI7LSwisKACO4ttEkR","privKey":"sMoj8dmPwH3z6bm7edqGxaIA/JNtusV8nJhmGO3skkk="},"lastRemoteEphemeralKey":"BcbOLrKEgnLxUXPlRCIdOquw+uonANWh1e6+UaZfo6JZ","previousCounter":0,"rootKey":"AeIUlCZS1VwBZ+GQa5L4jVTPCvVHKGfA5kOZZWm1T0Y="},"indexInfo":{"baseKey":"BW0yihzSEP45mIgmqyWRA3DLYU05sYdkq2z0yBYXAAZs","baseKeyType":1,"closed":-1,"used":1691858205323,"created":1691858205323,"remoteIdentityKey":"BTuajmP4NP7AEo4mBZdUvQYu3REn5AhJya++CpIeHhYf"},"_chains":{"Bcq36fiXVz3vr6A0GYgELHlVVPuI7LSwisKACO4ttEkR":{"chainKey":{"counter":0,"key":"E3kCdBg/cghyxGLgkBjniWbUrhX1EtRWCp8EO8XBBUo="},"chainType":1,"messageKeys":{}}},"pendingPreKey":{"signedKeyId":7,"baseKey":"BW0yihzSEP45mIgmqyWRA3DLYU05sYdkq2z0yBYXAAZs","preKeyId":3049818}}},"version":"v1"}