{"_sessions":{"Bd6T2NPIdTGeou8X9tPGfAJhYU+ren7nhu/xF2YCNtla":{"registrationId":2079895852,"currentRatchet":{"ephemeralKeyPair":{"pubKey":"BeSAG1r/z+8tkTr5mNwGQHdOcukSxB95AJJpJYRYHxoy","privKey":"YOqTQMF8vg1ZGfb2TPsZ9vIRRO5eLh8f3EoecGNUEWU="},"lastRemoteEphemeralKey":"BdlvKz5CONE/arPGIwpyV8KLS1OZk2PeJq1E0kGQ1Ug4","previousCounter":2,"rootKey":"164Usi8ikwqy1AumbRmDr24m56ThLMjGRCz1FMbn4Js="},"indexInfo":{"baseKey":"Bd6T2NPIdTGeou8X9tPGfAJhYU+ren7nhu/xF2YCNtla","baseKeyType":2,"closed":-1,"used":1691858127857,"created":1691850190084,"remoteIdentityKey":"Ba0hTxTiqKuZBMvp6j79WGI6LWzizZYFwzo56YQlNNVj"},"_chains":{"BTBOyIneRILzPHOgCHzst6B6V+pwnkzyF9ReKsaAlR1c":{"chainKey":{"counter":0},"chainType":2,"messageKeys":{}},"BdlvKz5CONE/arPGIwpyV8KLS1OZk2PeJq1E0kGQ1Ug4":{"chainKey":{"counter":53,"key":"+TdBlrEnQrN30o/YPMBmimHu+YJli9jdUmworBDdPXQ="},"chainType":2,"messageKeys":{}},"BeSAG1r/z+8tkTr5mNwGQHdOcukSxB95AJJpJYRYHxoy":{"chainKey":{"counter":0,"key":"6/uyrYsOzzyk5M06J6DMaswfI2Z5VE3wrB5y4XQfn+A="},"chainType":1,"messageKeys":{}}}}},"version":"v1"}