{"_sessions":{"BTQSlo/jY598zu4tvtPqldEJcp1nIQTc/fJSKLmipCsD":{"registrationId":731539336,"currentRatchet":{"ephemeralKeyPair":{"pubKey":"BfSKF/ztomVD+CYUaETy5CKzm0dU1F3+Fn94XzRJyJ4S","privKey":"OJTBkR6dQOybVnxLYmRjl3g+AG4UZnZalQDwh9+3Kl0="},"lastRemoteEphemeralKey":"Bfquue5TyIPl5Js3fYt0eGUM+DgEdF1sqyi9QlSbDZFf","previousCounter":0,"rootKey":"HlQUIicWzXnRINmCCaCeoMgofAl53u5qY0CHVOWaZoM="},"indexInfo":{"baseKey":"BTQSlo/jY598zu4tvtPqldEJcp1nIQTc/fJSKLmipCsD","baseKeyType":1,"closed":-1,"used":1691858205331,"created":1691858205331,"remoteIdentityKey":"BZIpslQB3BQKTehmVUZQWA2qu1HdRc7FdD9t9WtM93V/"},"_chains":{"BfSKF/ztomVD+CYUaETy5CKzm0dU1F3+Fn94XzRJyJ4S":{"chainKey":{"counter":0,"key":"asD6rviL4FfW3tQT0gzJCnlUZT/ainN8OjjVzVosyYw="},"chainType":1,"messageKeys":{}}},"pendingPreKey":{"signedKeyId":0,"baseKey":"BTQSlo/jY598zu4tvtPqldEJcp1nIQTc/fJSKLmipCsD","preKeyId":7975347}}},"version":"v1"}