{"_sessions":{"BQAgtgAP8RHfnp/BAj4mQKdGlrs8nOvW/oSIryqs1lZK":{"registrationId":1736680094,"currentRatchet":{"ephemeralKeyPair":{"pubKey":"BSZmKmseZwkqqy8TaiaigTDZjBJvkiQbhoaqZO4mvoBZ","privKey":"4DQtqI/wetp53btu5Rd5cNexWZJ4QvEbH4GDVKPm+Fw="},"lastRemoteEphemeralKey":"BbfO0UpSNuEJc8/N+wARTHNR0xUHkz8Pbo0ORJ7TZhsF","previousCounter":0,"rootKey":"E+0Ug6WR0J22d6eP1C3VRFNcY9ybpSOFDMrjUEPm6dE="},"indexInfo":{"baseKey":"BQAgtgAP8RHfnp/BAj4mQKdGlrs8nOvW/oSIryqs1lZK","baseKeyType":2,"closed":-1,"used":1691634139010,"created":1691634139010,"remoteIdentityKey":"Bc/HU8RlO4pqZlibWgEceVZ7xOJ+urV6ez6U86PUxj9m"},"_chains":{"BbfO0UpSNuEJc8/N+wARTHNR0xUHkz8Pbo0ORJ7TZhsF":{"chainKey":{"counter":6,"key":"8MJJW5IydKiZpKPKVrfREN/Mzo1VqToZ/yh6ZTsexvY="},"chainType":2,"messageKeys":{"5":"fzmpzDnoWClQyuyPqHpnjmF9clmlko7QPEXJInZDSDM="}},"BSZmKmseZwkqqy8TaiaigTDZjBJvkiQbhoaqZO4mvoBZ":{"chainKey":{"counter":-1,"key":"8mqqFEUmMNvoNEh0xzyyHmUyt1v6LZ0GNMGodePNuog="},"chainType":1,"messageKeys":{}}}}},"version":"v1"}