{"_sessions":{"BapU6VxG08MZRuBOlrkHRYSwaYEDO22YZTNfzSzjiKNI":{"registrationId":1246295796,"currentRatchet":{"ephemeralKeyPair":{"pubKey":"BdPgNIC2s6ae+oNlClGQx9AFYNxCYNgb/l66hy4rpLIr","privKey":"AL/7ufJnfd/CzWeFbOMCZ1fB/aMQyWscsjy7g8UrpHM="},"lastRemoteEphemeralKey":"BfngDG9iv7sPDfXUPTrP3WwW0BG6oksH5qmXRFPdbSwe","previousCounter":0,"rootKey":"cKsLnoYGpjaG0iIOyrkJ5khLtMld4Gnd0l7VUu3uQZo="},"indexInfo":{"baseKey":"BapU6VxG08MZRuBOlrkHRYSwaYEDO22YZTNfzSzjiKNI","baseKeyType":2,"closed":1691850122959,"used":1691850122181,"created":1691850122181,"remoteIdentityKey":"BWGkgfWoELPUNnfXFehpSxr6qHYqoUSp5P/l7KlZ4rpi"},"_chains":{"BfngDG9iv7sPDfXUPTrP3WwW0BG6oksH5qmXRFPdbSwe":{"chainKey":{"counter":0,"key":"POcLZo41DONRBqPAvQ4ZInDr4+8adFM0F1oEHZqxl54="},"chainType":2,"messageKeys":{}},"BdPgNIC2s6ae+oNlClGQx9AFYNxCYNgb/l66hy4rpLIr":{"chainKey":{"counter":-1,"key":"OIEcmy0kYedX0mFXAluzVqCGZmSkKrGQQWgc+N8yVYI="},"chainType":1,"messageKeys":{}}}},"BcKLwED7dGARYVXdcXM7mQHIq2Epsi2ywW00BVu9iwxt":{"registrationId":1246295796,"currentRatchet":{"ephemeralKeyPair":{"pubKey":"BUa+FU2/7wMrD5l4GuaOlMs3qxK2ZrSnDvW6PggZPgp/","privKey":"mA52tZwd0XRcRM2rd0VtoZC2CD/37VtIWVbmBFpYgno="},"lastRemoteEphemeralKey":"Be0zC2pSiOxYxF3WHIgs+MdkeNftQph+ZEXs4draRA5/","previousCounter":0,"rootKey":"hdIZt6PRrZB4QsF4ePsIJltiCEbDInMIUml/UrFJ6r4="},"indexInfo":{"baseKey":"BcKLwED7dGARYVXdcXM7mQHIq2Epsi2ywW00BVu9iwxt","baseKeyType":2,"closed":-1,"used":1691850122964,"created":1691850122964,"remoteIdentityKey":"BWGkgfWoELPUNnfXFehpSxr6qHYqoUSp5P/l7KlZ4rpi"},"_chains":{"Be0zC2pSiOxYxF3WHIgs+MdkeNftQph+ZEXs4draRA5/":{"chainKey":{"counter":0,"key":"9dniafNmoOzwBuVPTBOiOaARk1OKvdxRjU/jyFi2xbY="},"chainType":2,"messageKeys":{}},"BUa+FU2/7wMrD5l4GuaOlMs3qxK2ZrSnDvW6PggZPgp/":{"chainKey":{"counter":-1,"key":"mRXMe+cxAT4hdWUJ4+h9Jvu+pjq7JVtUtV4dqmKO+sI="},"chainType":1,"messageKeys":{}}}}},"version":"v1"}