{"_sessions":{"BT6vxPanAwPVOAbJsNwInTdyaFk952a7AnJw64u/EClT":{"registrationId":359733981,"currentRatchet":{"ephemeralKeyPair":{"pubKey":"BWvaFhP6XU/yltAOVi0B0a5scXwvSg7CrA3yZOEiWupc","privKey":"sJvI1Gz0wYDD9qRt8LpD2OQAa/gVErTvptQ0XDWLnUU="},"lastRemoteEphemeralKey":"BdKhe9O2Up4U85NNWpHLR9bCpg5hNfE2MXiNcM2X2m8E","previousCounter":0,"rootKey":"TPQD35k4cte/+EdLDuh25BRgCykDYcxEKtudf/M48vA="},"indexInfo":{"baseKey":"BT6vxPanAwPVOAbJsNwInTdyaFk952a7AnJw64u/EClT","baseKeyType":1,"closed":-1,"used":1691858205309,"created":1691858205309,"remoteIdentityKey":"BfZFPoNLECzL3Mksgh7C3bWWu9zRJlHkKP2eWUWQ6C1Q"},"_chains":{"BWvaFhP6XU/yltAOVi0B0a5scXwvSg7CrA3yZOEiWupc":{"chainKey":{"counter":0,"key":"y13YTW/Y1QLjn52qE8pksRwu/nxWIw8PQnkBO5zFDV4="},"chainType":1,"messageKeys":{}}},"pendingPreKey":{"signedKeyId":0,"baseKey":"BT6vxPanAwPVOAbJsNwInTdyaFk952a7AnJw64u/EClT","preKeyId":5092446}}},"version":"v1"}