{"_sessions":{"BZZIwqN6TOTRK+RgHgqlWox1gQb/r9UX4Ha07JC1stg7":{"registrationId":2107667262,"currentRatchet":{"ephemeralKeyPair":{"pubKey":"BWxEk3WHZ90gafkyLOikQIAcD3yV2SRfzB6lewPctLM5","privKey":"aP8s+WXxE1n1Qi9wzNmwmRuIBKTqnNRv5dLtoqIDk3w="},"lastRemoteEphemeralKey":"BQAHGzMGMv8wshK4Vnn7PMO9U+eumjuc/ZMcvxPOkaQj","previousCounter":0,"rootKey":"iCGzqgQ8pV/Xm7R6PqHwFSv5z/DHljBqPWaey0MpEL0="},"indexInfo":{"baseKey":"BZZIwqN6TOTRK+RgHgqlWox1gQb/r9UX4Ha07JC1stg7","baseKeyType":1,"closed":-1,"used":1691858205286,"created":1691858205286,"remoteIdentityKey":"BSWcGDLDn/TMQcsBJk8x4RRQNEktoRxTX7tyzGz9quw1"},"_chains":{"BWxEk3WHZ90gafkyLOikQIAcD3yV2SRfzB6lewPctLM5":{"chainKey":{"counter":0,"key":"R+43AEWkQxgPfgPRNlamUnw+TS1SJP/WVIQrR9hwlAQ="},"chainType":1,"messageKeys":{}}},"pendingPreKey":{"signedKeyId":0,"baseKey":"BZZIwqN6TOTRK+RgHgqlWox1gQb/r9UX4Ha07JC1stg7","preKeyId":9765243}}},"version":"v1"}