{"_sessions":{"BdMK9YnaQiOAL+bJbGkiQUOa2zmWkwRElUh3BBi7q4QO":{"registrationId":321125638,"currentRatchet":{"ephemeralKeyPair":{"pubKey":"BT4Y8GoV/td6ObF0rJmcJoOS6fLbORbK6X2H9oYRy6A+","privKey":"yAH4sMu4Ip1fxyhbMUJfhCkeEotbvKv3P9ZbMP8LUnA="},"lastRemoteEphemeralKey":"Bd6vYZwoP2IiNeQ0gleyUSOB+i/J4H4VNuI7SUOvE1Vk","previousCounter":0,"rootKey":"KQVB4o2MDwYl+bX/s2I7kBzM1AAG3DqprpX4VCHjzig="},"indexInfo":{"baseKey":"BdMK9YnaQiOAL+bJbGkiQUOa2zmWkwRElUh3BBi7q4QO","baseKeyType":1,"closed":-1,"used":1691858205301,"created":1691858205301,"remoteIdentityKey":"BRI/WC/ch1z6jHn1qYKzGW8TT+rfMmLhvcU/EYgWCz4+"},"_chains":{"BT4Y8GoV/td6ObF0rJmcJoOS6fLbORbK6X2H9oYRy6A+":{"chainKey":{"counter":0,"key":"VR5l64QQsRiEhzL/UqPVEy65oiFCyLjB9dt5j0DpCdE="},"chainType":1,"messageKeys":{}}},"pendingPreKey":{"signedKeyId":5,"baseKey":"BdMK9YnaQiOAL+bJbGkiQUOa2zmWkwRElUh3BBi7q4QO","preKeyId":14442427}}},"version":"v1"}