{"_sessions":{"Be4EP4apTa9vUYbC2XNJ3AfpmQ88GLM0aCSYwW2emeEj":{"registrationId":1254078767,"currentRatchet":{"ephemeralKeyPair":{"pubKey":"BYJo2+pj0ndTw2H3t9Qxf6lYzzvCY8KIyJy+mufHCCV4","privKey":"yO/OHkK8VqiXpHAQnWmrJUIzR9FHiTfPjjx+KEClWGI="},"lastRemoteEphemeralKey":"BeUHT6GmxSSOFHziuc8TOiCBiprNY2MEip+vg4Hs50h4","previousCounter":0,"rootKey":"kqwxTZp3sv1ZaMxKpz4T2IkImWcD57xDQbMjiU5hQxQ="},"indexInfo":{"baseKey":"Be4EP4apTa9vUYbC2XNJ3AfpmQ88GLM0aCSYwW2emeEj","baseKeyType":2,"closed":1691856132025,"used":1691856131787,"created":1691856131787,"remoteIdentityKey":"BdHDvRbwVMF1pIW59O+sn04EOgNY6NcjnQMRgeYUn9ZM"},"_chains":{"BeUHT6GmxSSOFHziuc8TOiCBiprNY2MEip+vg4Hs50h4":{"chainKey":{"counter":0,"key":"JKkuXWlFKCClvs/2w+11kFQZOujo8c+RBzyCdFFvkRY="},"chainType":2,"messageKeys":{}},"BYJo2+pj0ndTw2H3t9Qxf6lYzzvCY8KIyJy+mufHCCV4":{"chainKey":{"counter":-1,"key":"KL4CYZT1UeMvf400ke+VQHCz+MUkwYv+wFaYi9+K4gs="},"chainType":1,"messageKeys":{}}}},"BZ0fTGN+Wo7UeHEgmiPD6fNV7ZU7Ilx0F7V1knqYlkR+":{"registrationId":1254078767,"currentRatchet":{"ephemeralKeyPair":{"pubKey":"BbI6MWBbbSdmF2a4etq1eUmfHeelSMnYz/Nlnn25gpg9","privKey":"mIzu+VgFPut1r61sMVRcl6l6JboCaB3J36ASOVNisGg="},"lastRemoteEphemeralKey":"BZYTiec3GApvgH48Kj6nan2zvvylpj5EiaN6CVuEBdVQ","previousCounter":0,"rootKey":"BUR6nra/AAu8OvgY5GA+VrJ2HjSDf1o3JU2AZme+1qY="},"indexInfo":{"baseKey":"BZ0fTGN+Wo7UeHEgmiPD6fNV7ZU7Ilx0F7V1knqYlkR+","baseKeyType":2,"closed":-1,"used":1691856132036,"created":1691856132036,"remoteIdentityKey":"BdHDvRbwVMF1pIW59O+sn04EOgNY6NcjnQMRgeYUn9ZM"},"_chains":{"BZYTiec3GApvgH48Kj6nan2zvvylpj5EiaN6CVuEBdVQ":{"chainKey":{"counter":2,"key":"NyTz2iYxBUU50bi1gwSxljkZuTP/0nC/Utajy60E8rQ="},"chainType":2,"messageKeys":{}},"BbI6MWBbbSdmF2a4etq1eUmfHeelSMnYz/Nlnn25gpg9":{"chainKey":{"counter":0,"key":"GesaWjUaKsy/f8Pp767GwWW6JAiImzEAOIQeLnb22FQ="},"chainType":1,"messageKeys":{}}}}},"version":"v1"}