{"_sessions":{"BfPmQBw+vgc/TGKatdDlKj80pioo96zbjDmjUPcKacJr":{"registrationId":1776669000,"currentRatchet":{"ephemeralKeyPair":{"pubKey":"BcF0aXumdEWgp18CeIDUQ1sRS3knjPcsrsH8h8FS7iJ2","privKey":"GEY9AXqz/GnSTWbYREoNZ9WLnwxZCH6Pt5CmwjOV+20="},"lastRemoteEphemeralKey":"BZxh2kn9vHt3VvZ96x9F3p7YE4I4UPaLpcodxWZfnYx/","previousCounter":0,"rootKey":"/71jRec7pFXNbn/aeJ23XY72G6p1KqBuE/I24znKbwU="},"indexInfo":{"baseKey":"BfPmQBw+vgc/TGKatdDlKj80pioo96zbjDmjUPcKacJr","baseKeyType":1,"closed":-1,"used":1691858205211,"created":1691858205211,"remoteIdentityKey":"BT2WpUzdNazU5JDdRKO5QuAddVyxN/pLcUKVM8P9UBAZ"},"_chains":{"BcF0aXumdEWgp18CeIDUQ1sRS3knjPcsrsH8h8FS7iJ2":{"chainKey":{"counter":0,"key":"2pGla5ks6Zirmc6d8xah1fEC9bLtzuYR2vZ6KlJYfR0="},"chainType":1,"messageKeys":{}}},"pendingPreKey":{"signedKeyId":0,"baseKey":"BfPmQBw+vgc/TGKatdDlKj80pioo96zbjDmjUPcKacJr","preKeyId":10573156}}},"version":"v1"}