{"_sessions":{"BWNsfJj6bnllwhRyXU0Jvqp8xYB7YSopMR3DI7d8b8J6":{"registrationId":1190804941,"currentRatchet":{"ephemeralKeyPair":{"pubKey":"BbSn0BbO8FxYQj1TF7H4RcZxTHS9KCoiDcuVFTy8Ymol","privKey":"OB+QvjqE2drl2BjFRWURtouEGZqa3hEvk71tkEpYYVA="},"lastRemoteEphemeralKey":"BVYQXlus4/3Kx53g70QXch7FZijGh1An5ER/NXpa3fw7","previousCounter":0,"rootKey":"rChl9MctbcYdLTZYw+n7Qm4FyIw2C1qfXVUGwnPcJbE="},"indexInfo":{"baseKey":"BWNsfJj6bnllwhRyXU0Jvqp8xYB7YSopMR3DI7d8b8J6","baseKeyType":1,"closed":-1,"used":1691858205234,"created":1691858205234,"remoteIdentityKey":"BZboOSFjtSHs7PbLE/khyTt412nxQjjAV0x7/W/VtQwn"},"_chains":{"BbSn0BbO8FxYQj1TF7H4RcZxTHS9KCoiDcuVFTy8Ymol":{"chainKey":{"counter":0,"key":"XPvDVJ9j4cJKPiih1Ebwqgxc2k/fHf6sDsNcg2yb/zg="},"chainType":1,"messageKeys":{}}},"pendingPreKey":{"signedKeyId":0,"baseKey":"BWNsfJj6bnllwhRyXU0Jvqp8xYB7YSopMR3DI7d8b8J6","preKeyId":10683266}}},"version":"v1"}