{"_sessions":{"BeBsDrgGxwWAfIRrHaTyUUkBkpNG0/uEPC6IuxijprRc":{"registrationId":1843818560,"currentRatchet":{"ephemeralKeyPair":{"pubKey":"BXzajL9fIELc0LnzE3R5TYExUmrMLiWjBB9bjWysz6QC","privKey":"oAwSR8YQ5Y9WpU3ESdviYstUie16LNoxCBAWfKTyCmc="},"lastRemoteEphemeralKey":"BXCuW+3v52H2pOXp/7a/mI4Q6Zr2kVihFFr6snqvK9YT","previousCounter":0,"rootKey":"c7UFQZFizlpE3XrSbMOZB1/fT7H0iL663nOatdrS8ZE="},"indexInfo":{"baseKey":"BeBsDrgGxwWAfIRrHaTyUUkBkpNG0/uEPC6IuxijprRc","baseKeyType":1,"closed":-1,"used":1691858205316,"created":1691858205316,"remoteIdentityKey":"BZcnmU/g8BpgY22JtDpQ4xzN1WbKvqw+PrKjsVGePeRM"},"_chains":{"BXzajL9fIELc0LnzE3R5TYExUmrMLiWjBB9bjWysz6QC":{"chainKey":{"counter":0,"key":"Ur5AzXtesrxVTRclntAuqTyY81ANWZT5HyeL/pAqhbI="},"chainType":1,"messageKeys":{}}},"pendingPreKey":{"signedKeyId":0,"baseKey":"BeBsDrgGxwWAfIRrHaTyUUkBkpNG0/uEPC6IuxijprRc","preKeyId":7586926}}},"version":"v1"}