{"_sessions":{"BfO9vQL2vRlhYBC1rchfWrIc2QPTG3AXljYKTkYTKttI":{"registrationId":250,"currentRatchet":{"ephemeralKeyPair":{"pubKey":"BbEvJ36kN9MRRzXKJ3F2N4DW4mXPBwXZRBgs/pBErpVu","privKey":"WIQS7yagF4gSn9NoheIJR3rlkHVSEKl9BfQ1Oxu7VGk="},"lastRemoteEphemeralKey":"BR5zKuDCaUjlK9EB3RNcutHR2jFBPhl7Opctr1xQBbp0","previousCounter":0,"rootKey":"xI+a3nZ9ZDpJOr/FMWUG79cImzDPcZGpvLBF/kzrwAY="},"indexInfo":{"baseKey":"BfO9vQL2vRlhYBC1rchfWrIc2QPTG3AXljYKTkYTKttI","baseKeyType":1,"closed":-1,"used":1691850094196,"created":1691850094196,"remoteIdentityKey":"BS4+Eb2JylnQUVBx0CiU4Q0YAd3/iFx+F1TbWIlIpUQl"},"_chains":{"BbEvJ36kN9MRRzXKJ3F2N4DW4mXPBwXZRBgs/pBErpVu":{"chainKey":{"counter":37,"key":"4hE2u84AjagP1R2xvUn8fyGezMzOPlUXao3BkG9mVaQ="},"chainType":1,"messageKeys":{}}},"pendingPreKey":{"signedKeyId":1,"baseKey":"BfO9vQL2vRlhYBC1rchfWrIc2QPTG3AXljYKTkYTKttI"}}},"version":"v1"}