{"_sessions":{"BfbOpUPpAthgBMbj+lhUkenLbsDXGviv2D74FX7rnkIG":{"registrationId":98804,"currentRatchet":{"ephemeralKeyPair":{"pubKey":"BQAi2Ioh0+8TvLxXhRPGXzJ25g3ghtIG59Uf6VfGxgwX","privKey":"uDVsQ7uvHpJHtkP8aiLiAD+Co9J4vkrpzRciDJlTSlc="},"lastRemoteEphemeralKey":"BTdS7TbtoGXpk/Yq5eNVpaTZRuS0+t2ZN1UkgLHtly8X","previousCounter":0,"rootKey":"TvQKlfrqyvJ9AW0BWusSJSuCeatoioZU0u6/Q5VqUcU="},"indexInfo":{"baseKey":"BfbOpUPpAthgBMbj+lhUkenLbsDXGviv2D74FX7rnkIG","baseKeyType":1,"closed":-1,"used":1691858205227,"created":1691858205227,"remoteIdentityKey":"BZe/Lju8kpDN1iNn2bSOPUWl+lUuw3eUQ0bCdq2c9Rcf"},"_chains":{"BQAi2Ioh0+8TvLxXhRPGXzJ25g3ghtIG59Uf6VfGxgwX":{"chainKey":{"counter":0,"key":"gXA0KRFcZ/0Yhpo8g7K1kW+Bz9axAV4735VQDsI0ToQ="},"chainType":1,"messageKeys":{}}},"pendingPreKey":{"signedKeyId":10955555,"baseKey":"BfbOpUPpAthgBMbj+lhUkenLbsDXGviv2D74FX7rnkIG","preKeyId":2049}}},"version":"v1"}