{"_sessions":{"BUy77jn2fQPGV4KSu/h7drUEjd7PrwLxjgcoeFIHtRp5":{"registrationId":1989466752,"currentRatchet":{"ephemeralKeyPair":{"pubKey":"Bax3IO+WF7OADWeJcf2BjLhbooI7TjL9OrDy+8zDK/Ew","privKey":"uBrRZxW4sL+nfSn3vGXgphHNGxgrXTrKlmHn+sdH52w="},"lastRemoteEphemeralKey":"Bedboh0C2TqpW0wDGi4nBYUAiklRbtKYolQYkBWX2tA5","previousCounter":0,"rootKey":"vOZjvpUSnqOkx7iLm+UxYU9EOMUWG7097oRVHSzypTM="},"indexInfo":{"baseKey":"BUy77jn2fQPGV4KSu/h7drUEjd7PrwLxjgcoeFIHtRp5","baseKeyType":1,"closed":-1,"used":1691858205249,"created":1691858205249,"remoteIdentityKey":"BYq/tL0dSlNe4lfB/9GxfgfAdwrincOAIxPv8mfZzCFe"},"_chains":{"Bax3IO+WF7OADWeJcf2BjLhbooI7TjL9OrDy+8zDK/Ew":{"chainKey":{"counter":0,"key":"vaMIiAgAgXxkyJx3Cbl4qa9yRSR9Ekiix8izt/YWjz0="},"chainType":1,"messageKeys":{}}},"pendingPreKey":{"signedKeyId":1,"baseKey":"BUy77jn2fQPGV4KSu/h7drUEjd7PrwLxjgcoeFIHtRp5","preKeyId":9086055}}},"version":"v1"}