{"_sessions":{"BU3exsnEu15Es1XaZMgNUe+3goAqDEWtDA/EsEvvoQU6":{"registrationId":78747235,"currentRatchet":{"ephemeralKeyPair":{"pubKey":"BdTVahhzQUCecMQBbSNUOQGLusxYgdM7UL5Zb9jo6Aga","privKey":"SDtw/fCdpjc7X2YycBJqR5kBYiV+0+kLDsjoZArdzVA="},"lastRemoteEphemeralKey":"Bd6D/fB04dbq1aZFkoALq9vzDsV5lOTm6gFFTsPS/jsa","previousCounter":0,"rootKey":"eZ9OzTrO9DTjYNTjS+1WotxsbLyFN4Pbhqg8ZwcAekY="},"indexInfo":{"baseKey":"BU3exsnEu15Es1XaZMgNUe+3goAqDEWtDA/EsEvvoQU6","baseKeyType":2,"closed":-1,"used":1691857864734,"created":1691857864734,"remoteIdentityKey":"BZGYgmrFI5Mo4vGzIsgT+D+JPtU+zAqNJxYwow3VrJlO"},"_chains":{"Bd6D/fB04dbq1aZFkoALq9vzDsV5lOTm6gFFTsPS/jsa":{"chainKey":{"counter":1,"key":"LcD1cRYVeKnIU8w4nMu5QuqEV+8nUTqjl9un0vze0lQ="},"chainType":2,"messageKeys":{}},"BdTVahhzQUCecMQBbSNUOQGLusxYgdM7UL5Zb9jo6Aga":{"chainKey":{"counter":0,"key":"Frgo1XfKaNEsC8SkFogmZaO5xJ20PJbxM91bGCR0V3A="},"chainType":1,"messageKeys":{}}}}},"version":"v1"}