{"_sessions":{"BYAnZUkGgYmg01RXdLcXXbpMY34S5nYi3raW1ARfyC1h":{"registrationId":871101277,"currentRatchet":{"ephemeralKeyPair":{"pubKey":"BZzaMSZdPEOCyd1W3lM3mLaHFN4xbacKb9Q6ORrSoVwP","privKey":"4BaQlcpNfYKdAInd64hZ07ShdPJ/TApri1Ob6oOVpFY="},"lastRemoteEphemeralKey":"BZTUQkjhbSDyj7uOuAGaSTxpG3EGX4uRs0b8bdj1JL1B","previousCounter":0,"rootKey":"HwU7xiFANTvwfcC/LmGeqTk9CIvFplNTO84h+6Jch6E="},"indexInfo":{"baseKey":"BYAnZUkGgYmg01RXdLcXXbpMY34S5nYi3raW1ARfyC1h","baseKeyType":1,"closed":-1,"used":1691858205219,"created":1691858205219,"remoteIdentityKey":"BX0lw+Wq/S8cIvIPQp9su6MRIWOnL0iXJNyQY1RmBygm"},"_chains":{"BZzaMSZdPEOCyd1W3lM3mLaHFN4xbacKb9Q6ORrSoVwP":{"chainKey":{"counter":0,"key":"oCRI0B23W881qJwon0CnE5lJjMqJIFH2qOSSE+J8uw8="},"chainType":1,"messageKeys":{}}},"pendingPreKey":{"signedKeyId":8,"baseKey":"BYAnZUkGgYmg01RXdLcXXbpMY34S5nYi3raW1ARfyC1h","preKeyId":4733424}}},"version":"v1"}