{"_sessions":{"BWXKcGjFHDh6cucU4F8dzYhFzKwW4UTxguqwd0jw4PUQ":{"registrationId":14812,"currentRatchet":{"ephemeralKeyPair":{"pubKey":"BbfmohfjhgS9RyA0rA0/z14dMc7Ki+f7sPDiFzYapJNo","privKey":"2PB4aMA9KPko2usVytu5+W2ADtQoeNNEYV3sZZcopVw="},"lastRemoteEphemeralKey":"BXH4EevLYGWPeIeqjup3UvcaVvHlM64mol5ip66OSxJd","previousCounter":0,"rootKey":"pqIDyDf16phUst0ATsVPQJ40UZXL6hW08QOmb5lWDiI="},"indexInfo":{"baseKey":"BWXKcGjFHDh6cucU4F8dzYhFzKwW4UTxguqwd0jw4PUQ","baseKeyType":2,"closed":-1,"used":1691856363851,"created":1691856363851,"remoteIdentityKey":"BeA1qkTJF0oemJoRdclSCXFgmeXsHrqYanhi6mg8Da40"},"_chains":{"BXH4EevLYGWPeIeqjup3UvcaVvHlM64mol5ip66OSxJd":{"chainKey":{"counter":2,"key":"QOq62nFMghiai6YwqAY5z+nP0iRvNf72ZpiFj9t4Nxc="},"chainType":2,"messageKeys":{}},"BbfmohfjhgS9RyA0rA0/z14dMc7Ki+f7sPDiFzYapJNo":{"chainKey":{"counter":-1,"key":"UkWpw3KB6MVrOoeBf8inHiZGcon8QGGMdHsm37aXnNE="},"chainType":1,"messageKeys":{}}}}},"version":"v1"}