{"_sessions":{"BeAAhrcoztcHJE1lVODctsx9YE+R0LacuOXXssrgtY0L":{"registrationId":932184329,"currentRatchet":{"ephemeralKeyPair":{"pubKey":"BfkjPKB1JwzdNQVmIxjpEMmPnFWPjikntST0OKaxK6pd","privKey":"oIVAV5dVG8sAFHTojkCEYXo7ZEe2bHU5E59WwjgHtkw="},"lastRemoteEphemeralKey":"Bc+DP5Vx95uyAzx3mHWzMXfFyjNhQPr0WDZKNrwwNOAt","previousCounter":0,"rootKey":"U/flSp1zkjsFOxGKZ5U4q/miOIdWlDqm6lLpfYbFQVM="},"indexInfo":{"baseKey":"BeAAhrcoztcHJE1lVODctsx9YE+R0LacuOXXssrgtY0L","baseKeyType":1,"closed":-1,"used":1691858205368,"created":1691858205368,"remoteIdentityKey":"BXH+V9gEsynXX3oBtp5Gr3RVOR0MDwJ+vkj5Gyi7+8dT"},"_chains":{"BfkjPKB1JwzdNQVmIxjpEMmPnFWPjikntST0OKaxK6pd":{"chainKey":{"counter":0,"key":"jKoMn/fcA6t14emg6gCXwZ/2fLgoiDYvuQ0miq9vNNw="},"chainType":1,"messageKeys":{}}},"pendingPreKey":{"signedKeyId":0,"baseKey":"BeAAhrcoztcHJE1lVODctsx9YE+R0LacuOXXssrgtY0L","preKeyId":2801494}}},"version":"v1"}