{"_sessions":{"BQtTH2/doN4UaPeVVGzRNc1rAll9q8V8bV71U0A6fnlI":{"registrationId":1964463215,"currentRatchet":{"ephemeralKeyPair":{"pubKey":"BdLdZcBqvolpKuuHkouCl12d6f0RRIJmXi0Y5jIVc5Be","privKey":"SKOjB5RnFnVoyg77LTdHFhL3ndcaHFUg6RZ0PcHVzUA="},"lastRemoteEphemeralKey":"BdK+Y0Hvw1YkQgLweuh38aBSmqbSX+ZsmYo1gPXygWQC","previousCounter":0,"rootKey":"wVJ3iezRWthfyCo0/pibs2yxBeezmNgiY1WZz8lsDLk="},"indexInfo":{"baseKey":"BQtTH2/doN4UaPeVVGzRNc1rAll9q8V8bV71U0A6fnlI","baseKeyType":2,"closed":-1,"used":1691856356585,"created":1691856356585,"remoteIdentityKey":"BbGqOSwrgYwlDU+e6xlsar9PRoTMJO8bxJCm6YLS47p4"},"_chains":{"BdK+Y0Hvw1YkQgLweuh38aBSmqbSX+ZsmYo1gPXygWQC":{"chainKey":{"counter":5,"key":"KzSEslp8q7t+IGhWWGPGLEKVOL0Z3bBbvIqAunF4FNI="},"chainType":2,"messageKeys":{}},"BdLdZcBqvolpKuuHkouCl12d6f0RRIJmXi0Y5jIVc5Be":{"chainKey":{"counter":0,"key":"HncfI6wlDoGLu6OA6tVWP+jPkvKo++lK4sNc9kjMrig="},"chainType":1,"messageKeys":{}}}}},"version":"v1"}