{"_sessions":{"Bb/DtN4J6zYauyBMCrL+MXuog9WGWiMClP8Q+i5bbhIV":{"registrationId":423958811,"currentRatchet":{"ephemeralKeyPair":{"pubKey":"Ba+uoygDlXtesJ3FmNOCkMf4z7jaLBcx5MaV34sR5Dhr","privKey":"EHUpgfrmW4IcxEgNH+MHOC004Py4IE2UzmF/o30sfGg="},"lastRemoteEphemeralKey":"BQvnGnNLpqaz8yx6xeWGK7oOH3G7qjcc9xC6c334ZSZD","previousCounter":0,"rootKey":"hskGEGPSWJLjpXvH13+hn385a2gms3xaxTpqz6BcJF4="},"indexInfo":{"baseKey":"Bb/DtN4J6zYauyBMCrL+MXuog9WGWiMClP8Q+i5bbhIV","baseKeyType":2,"closed":-1,"used":1691855868924,"created":1691855868924,"remoteIdentityKey":"BSteMmrOfjZYWM9Au6n/henJfPBnb7T3E3Jt5MKDAw89"},"_chains":{"BQvnGnNLpqaz8yx6xeWGK7oOH3G7qjcc9xC6c334ZSZD":{"chainKey":{"counter":0,"key":"4eUMyaux+Q8NVZLATaj0jCcxWVli8e/ZE8wOo4EMqZc="},"chainType":2,"messageKeys":{}},"Ba+uoygDlXtesJ3FmNOCkMf4z7jaLBcx5MaV34sR5Dhr":{"chainKey":{"counter":0,"key":"XLrOrDUq0MslTSy3LsSi8H3XJk2RGnPEhwrRagBtAkI="},"chainType":1,"messageKeys":{}}}}},"version":"v1"}