{"_sessions":{"BQYsqiwB2MNvPC7Yiz+qbxm+RsQ7oTB2xDoj2m1rx7gu":{"registrationId":661299700,"currentRatchet":{"ephemeralKeyPair":{"pubKey":"BY+1/I7TVhNckyQ5y1qyNdQD/WvJu/WkTYVEYgffs9Ij","privKey":"CBTffbribnvbDGxAvj1O6PZ69MuxiTgB2tlBBi20Sm0="},"lastRemoteEphemeralKey":"BdHbqxMM6nYURjxpTZmPNfPFyQXB8HnDq99JaxmYzNZZ","previousCounter":0,"rootKey":"vjafs0BETmEW2h2uozrxdIByB3ZdtFH8D1U438skbC8="},"indexInfo":{"baseKey":"BQYsqiwB2MNvPC7Yiz+qbxm+RsQ7oTB2xDoj2m1rx7gu","baseKeyType":2,"closed":-1,"used":1691850106180,"created":1691850106180,"remoteIdentityKey":"BQNPEg2RcOIfFVYCACZnw7Errg4co4Sn5UiG65p34LkC"},"_chains":{"BdHbqxMM6nYURjxpTZmPNfPFyQXB8HnDq99JaxmYzNZZ":{"chainKey":{"counter":0,"key":"/Gtfbuq02qvwWM9Uhvu1Gcuw1nXlaAUN3k/WDt85IkI="},"chainType":2,"messageKeys":{}},"BY+1/I7TVhNckyQ5y1qyNdQD/WvJu/WkTYVEYgffs9Ij":{"chainKey":{"counter":-1,"key":"GyYc30Ho1hg7gnz8+rzQvcKA8eP5uxSfFLSC57KoQ+E="},"chainType":1,"messageKeys":{}}}}},"version":"v1"}