{"_sessions":{"Bc28GM6u7YVv2FRY3HPozR8VXzQNegqXgU0XuspeE/BS":{"registrationId":611604615,"currentRatchet":{"ephemeralKeyPair":{"pubKey":"BaASigpYo0yeJUMN5o785Oj59RUClWgHhq2+OhP06OdW","privKey":"+O4AVRBmuLWPk6TCFrlqm2/XJfuNpAqSR9LppcAn3Ec="},"lastRemoteEphemeralKey":"BZ2TqH4paDDpXrBXjxQuMGnIv7KsnE/xwcVFCHvjH9Nv","previousCounter":0,"rootKey":"exEqRYG98tIUML9cKz/B5kKOhkRHTtfXRLWUUFwkK6o="},"indexInfo":{"baseKey":"Bc28GM6u7YVv2FRY3HPozR8VXzQNegqXgU0XuspeE/BS","baseKeyType":2,"closed":-1,"used":1691855658335,"created":1691855658335,"remoteIdentityKey":"BVqqUDBbzzCkV1O6tcPBV1tm1q2KUTmy8z1L7zzY/jJq"},"_chains":{"BZ2TqH4paDDpXrBXjxQuMGnIv7KsnE/xwcVFCHvjH9Nv":{"chainKey":{"counter":2,"key":"U4CxUTVZwrz1d7M+aW9WNI076t5atSaT4L6hziaHkZ4="},"chainType":2,"messageKeys":{}},"BaASigpYo0yeJUMN5o785Oj59RUClWgHhq2+OhP06OdW":{"chainKey":{"counter":0,"key":"NckPnI0zxwlrOCkqodVD9ZGoUVZ8aYJ8QuhWRW7CPT0="},"chainType":1,"messageKeys":{}}}}},"version":"v1"}